STATE,DISTRICT,YEAR,JAN,FEB,MAR,APR,MAY,JUN,JUL,AUG,SEP,OCT,0V,DEC,ANNUAL RAINFALL,FLOOD 
108,108001,2000,158.83,162.37,210.68,192.51,214.73,157.55,98.8,165.63,289.14,388.77,313.59,213.6,2566.19,0
108,108001,2001,159.1,41.71,174.5,220.56,177.65,105.61,166.59,193.88,206.4,298.14,232.54,150.82,2127.5,1
108,108001,2002,61.25,50.34,88.15,207.13,115.01,96.08,115.78,111.12,285.96,206.94,261.33,264.61,1863.7,1
108,108001,2003,82.88,118.04,193.4,100.36,101.07,166.81,167.61,270.87,238.84,682.07,251.46,182.35,2555.77,1
108,108001,2004,119.3,71.16,120.8,138.74,120.27,146.03,145.35,172.92,222.61,360.21,187.22,168.79,1973.39,1
108,108001,2005,84.15,47.09,88.05,123.55,253.45,132.78,162.61,169.94,148.08,299.61,341.91,339.13,2190.35,1
108,108001,2006,90.83,127.49,175.04,119.93,293.02,165.67,154.75,142.26,194.63,210.24,226,174.45,2074.29,1
108,108001,2007,158.03,37.58,120.41,207.85,126.68,115.44,204.21,185.02,301.72,311.37,197.08,191.26,2156.66,0
108,108001,2008,113.2,78.19,175.6,177.84,132.85,199.12,200.79,210.29,273.89,319.17,392.31,297.75,2571.02,1
108,108001,2009,169.22,102.84,271.61,198.05,271.25,81.73,192.86,348.74,187.08,205.45,377.02,268.9,2674.74,1
108,108001,2010,96.16,37.39,97.46,146.01,134.61,231.6,181.43,154.27,147.93,231.68,434.97,324.4,2217.9,1
108,108002,2000,201.77,159.99,161.71,200.21,169.42,134.22,93.53,158.69,278.2,359.39,225.16,215.07,2357.34,0
108,108002,2001,195.54,62.72,169.52,234.81,148.06,105.7,139.18,165.81,193.88,286.65,219.77,154.14,2075.78,0
108,108002,2002,99.01,75.16,109.48,214.21,127.29,83.69,105.17,96.01,286.43,210.21,220.33,246.08,1873.07,1
108,108002,2003,125.06,168.5,161.95,147.36,114.25,158.87,151.67,215.65,216.04,612.32,235.83,190.55,2498.04,1
108,108002,2004,164.51,114.29,144.03,154.36,108.58,117.25,165.95,138.12,197.36,330.42,184.35,179.39,1998.6,1
108,108002,2005,89.12,46.96,91.81,151.92,207.32,116.86,155.99,207.71,153.6,325.94,328.05,312.15,2187.42,0
108,108002,2006,123.72,176.58,192.95,179.45,259.17,147.42,141.97,163.98,215.69,226.87,232.33,201.66,2261.78,1
108,108002,2007,201.77,51.89,116.02,222.62,109.21,117.56,198.76,175.72,256.69,287.13,205.42,202,2144.78,0
108,108002,2008,160.38,92.92,247.45,189.21,110.44,186.03,216.3,253.05,259.98,366.81,330.02,267.94,2680.55,0
108,108002,2009,211.74,121.99,313.9,195.35,245.79,89.16,191.07,332.59,206.85,218.62,326.82,301.75,2755.62,0
108,108002,2010,152.85,52.1,110.76,169.12,174.18,210.96,160.03,146.44,144.58,178.93,372.5,285.51,2157.96,1
108,108003,2000,201.77,159.99,161.71,200.21,169.42,134.22,93.53,158.69,278.2,359.39,225.16,215.07,2357.34,0
108,108003,2001,195.54,62.72,169.52,234.81,148.06,105.7,139.18,165.81,193.88,286.65,219.77,154.14,2075.78,0
108,108003,2002,99.01,75.16,109.48,214.21,127.29,83.69,105.17,96.01,286.43,210.21,220.33,246.08,1873.07,1
108,108003,2003,125.06,168.5,161.95,147.36,114.25,158.87,151.67,215.65,216.04,612.32,235.83,190.55,2498.04,1
108,108003,2004,164.51,114.29,144.03,154.36,108.58,117.25,165.95,138.12,197.36,330.42,184.35,179.39,1998.6,1
108,108003,2005,89.12,46.96,91.81,151.92,207.32,116.86,155.99,207.71,153.6,325.94,328.05,312.15,2187.42,0
108,108003,2006,123.72,176.58,192.95,179.45,259.17,147.42,141.97,163.98,215.69,226.87,232.33,201.66,2261.78,1
108,108003,2007,201.77,51.89,116.02,222.62,109.21,117.56,198.76,175.72,256.69,287.13,205.42,202,2144.78,1
108,108003,2008,160.38,92.92,247.45,189.21,110.44,186.03,216.3,253.05,259.98,366.81,330.02,267.94,2680.55,1
108,108003,2009,211.74,121.99,313.9,195.35,245.79,89.16,191.07,332.59,206.85,218.62,326.82,301.75,2755.62,0
108,108003,2010,152.85,52.1,110.76,169.12,174.18,210.96,160.03,146.44,144.58,178.93,372.5,285.51,2157.96,1
108,108004,2000,201.77,159.99,161.71,200.21,169.42,134.22,93.53,158.69,278.2,359.39,225.16,215.07,2357.34,0
108,108004,2001,195.54,62.72,169.52,234.81,148.06,105.7,139.18,165.81,193.88,286.65,219.77,154.14,2075.78,0
108,108004,2002,99.01,75.16,109.48,214.21,127.29,83.69,105.17,96.01,286.43,210.21,220.33,246.08,1873.07,0
108,108004,2003,125.06,168.5,161.95,147.36,114.25,158.87,151.67,215.65,216.04,612.32,235.83,190.55,2498.04,0
108,108004,2004,164.51,114.29,144.03,154.36,108.58,117.25,165.95,138.12,197.36,330.42,184.35,179.39,1998.6,0
108,108004,2005,89.12,46.96,91.81,151.92,207.32,116.86,155.99,207.71,153.6,325.94,328.05,312.15,2187.42,1
108,108004,2006,123.72,176.58,192.95,179.45,259.17,147.42,141.97,163.98,215.69,226.87,232.33,201.66,2261.78,0
108,108004,2007,201.77,51.89,116.02,222.62,109.21,117.56,198.76,175.72,256.69,287.13,205.42,202,2144.78,0
108,108004,2008,160.38,92.92,247.45,189.21,110.44,186.03,216.3,253.05,259.98,366.81,330.02,267.94,2680.55,1
108,108004,2009,211.74,121.99,313.9,195.35,245.79,89.16,191.07,332.59,206.85,218.62,326.82,301.75,2755.62,0
108,108004,2010,152.85,52.1,110.76,169.12,174.18,210.96,160.03,146.44,144.58,178.93,372.5,285.51,2157.96,0
108,108005,2000,242.46,154.3,133.97,222.23,140.71,121.64,102.17,167.87,272.69,333.24,237.57,254.52,2383.36,0
108,108005,2001,253.51,83.35,183.91,270.37,125.66,116.48,130.62,152.15,192.22,287.87,219.26,188.22,2203.62,0
108,108005,2002,125.01,95.57,127.36,236.05,137.2,83.3,102.35,105.09,283.93,216.03,236.31,247.78,1995.97,0
108,108005,2003,166.55,201.53,156.55,201.59,125.33,147.65,153.02,176.44,195.85,527.21,259.1,222.56,2533.38,0
108,108005,2004,196.38,164.85,164.18,177.01,107.41,97.89,206.1,112.52,182.2,304.78,216.46,192.76,2122.54,1
108,108005,2005,90.05,61.39,109.93,175.01,176.41,109.24,153.19,223.59,164.87,349.17,310.95,309.87,2233.68,0
108,108005,2006,169.43,241.78,211.93,222.1,226.06,144.03,133.29,180.11,243.89,251.74,267.89,247.77,2540.01,1
108,108005,2007,245.01,74.06,124.8,256.28,97.06,136.94,194.34,162.92,194.99,280.25,223.68,217.76,2208.09,1
108,108005,2008,206.91,109.64,314.06,197.08,100.26,171.25,211.13,272.89,220.48,392.57,318.27,263.86,2778.4,0
108,108005,2009,249.18,132.96,340.12,193.06,194.74,96.03,172.75,274.98,227.39,237.31,315.33,329.84,2763.68,0
108,108005,2010,203.54,84.61,130.32,204.71,222.68,183.4,150.34,146.92,158.9,145.86,318.87,262.74,2212.87,0
108,108006,2000,150.39,151.15,247.84,227.84,122.43,128.73,124.33,111.57,268.43,264.3,798.08,470.09,3065.18,0
108,108006,2001,225.51,43.44,208.09,129.74,144.54,67.89,162.57,157.56,197.91,277.02,323.16,316.33,2253.75,1
108,108006,2002,54.66,31.41,76.88,139.27,140.57,114.81,99.46,128.25,174.4,189.55,484.12,382.96,2016.35,1
108,108006,2003,85.81,76.8,160.47,68.23,82.9,160.8,176.73,191.78,165.99,521.13,406.46,319.02,2416.12,1
108,108006,2004,78.06,44.12,68.76,79.98,98.85,120.04,153.97,148.98,260.01,410.27,285.05,220.55,1968.62,1
108,108006,2005,68.02,26.23,102.83,63.77,210.4,173.42,128.7,121.62,151.65,317.18,414.39,594.71,2372.94,1
108,108006,2006,115.84,108.2,128.82,74.91,270.29,167.09,150.36,122.65,198.97,193.01,301.17,226.35,2057.66,1
108,108006,2007,150.65,27.53,117.1,135.52,120.3,96.03,182.81,195.08,260.54,321.49,228.24,243.91,2079.21,1
108,108006,2008,106.7,96.85,102,106.4,158.44,174.6,145.26,161.7,150.5,194.95,805.93,651.13,2854.46,1
108,108006,2009,261.74,51.6,260.48,159.23,191.43,74.48,165.08,218,139.66,189.87,599.54,325.45,2636.55,1
108,108006,2010,87.46,30.39,68.81,90.83,120.38,167.62,208.45,138.31,138.93,275.79,622.9,527.91,2477.77,1
109,109001,2000,67.67,95.16,232.37,221.33,247.48,221.55,109.29,214.78,284.7,291.27,437.54,216.09,2639.22,0
109,109001,2001,186.43,18.5,189.69,185.57,148.93,149.56,170.67,201.38,208.25,352.3,196.86,179.36,2187.49,0
109,109001,2002,9.1,9.22,42.87,189.54,132.19,97.66,134.59,172.63,230.75,221.38,289.01,197.4,1726.33,0
109,109001,2003,27.35,32.42,191.05,63.11,131.09,142.49,184.87,308.08,267.26,589.99,223.87,147.01,2308.59,0
109,109001,2004,29.91,54.33,78.92,141.51,175.71,204.07,153.2,183.89,240.6,300.02,146.79,91.12,1800.07,0
109,109001,2005,30.76,36.53,110.32,80.67,281.75,143.64,153.41,173.12,137.91,285.54,331.43,485.01,2250.09,1
109,109001,2006,47.54,113.81,172.89,135.03,242.43,198.81,176.63,113.09,211.81,215.53,176.7,111.31,1915.57,1
109,109001,2007,117.39,23.37,117.85,192.06,142.45,191.61,246.15,205.22,257.91,332.48,204.06,173.02,2203.57,0
109,109001,2008,61.66,62.83,93.01,169.19,185.28,232.42,189.51,184.18,234.99,345.18,374.49,241.83,2374.57,0
109,109001,2009,86.13,35.56,237.37,183.95,239.64,54.51,177.39,294.59,205.61,215.24,474.45,100.8,2305.25,1
109,109001,2010,76.4,25.41,79.18,143.44,121.83,266.44,181.06,159.4,189.09,287.21,481.88,305.1,2316.45,1
102,102001,2000,67.67,95.16,232.37,221.33,247.48,221.55,109.29,214.78,284.7,291.27,437.54,216.09,2639.22,0
102,102001,2001,186.43,18.5,189.69,185.57,148.93,149.56,170.67,201.38,208.25,352.3,196.86,179.36,2187.49,0
102,102001,2002,9.1,9.22,42.87,189.54,132.19,97.66,134.59,172.63,230.75,221.38,289.01,197.4,1726.33,1
102,102001,2003,27.35,32.42,191.05,63.11,131.09,142.49,184.87,308.08,267.26,589.99,223.87,147.01,2308.59,1
102,102001,2004,29.91,54.33,78.92,141.51,175.71,204.07,153.2,183.89,240.6,300.02,146.79,91.12,1800.07,0
102,102001,2005,30.76,36.53,110.32,80.67,281.75,143.64,153.41,173.12,137.91,285.54,331.43,485.01,2250.09,1
102,102001,2006,47.54,113.81,172.89,135.03,242.43,198.81,176.63,113.09,211.81,215.53,176.7,111.31,1915.57,1
102,102001,2007,117.39,23.37,117.85,192.06,142.45,191.61,246.15,205.22,257.91,332.48,204.06,173.02,2203.57,1
102,102001,2008,61.66,62.83,93.01,169.19,185.28,232.42,189.51,184.18,234.99,345.18,374.49,241.83,2374.57,1
102,102001,2009,86.13,35.56,237.37,183.95,239.64,54.51,177.39,294.59,205.61,215.24,474.45,100.8,2305.25,1
102,102001,2010,76.4,25.41,79.18,143.44,121.83,266.44,181.06,159.4,189.09,287.21,481.88,305.1,2316.45,1
102,102002,2000,91.56,128.29,241.47,202,267.2,208.14,111.39,199.24,290.81,351.92,310.07,161.4,2563.48,0
102,102002,2001,154.49,23.13,190.36,217.01,187.02,148.91,185.42,224.96,220.5,328.79,194.99,129.52,2205.11,0
102,102002,2002,16.81,19.34,56.29,201.13,128.78,103.4,142.38,154.94,270.26,205.68,244.56,206.12,1749.71,0
102,102002,2003,36.62,53.69,206.66,75.12,123.62,151.7,198.64,327.86,275.16,638.42,207.56,128.61,2423.66,1
102,102002,2004,53.89,52.83,99.44,140.02,159.99,200.04,160.34,197.85,234.2,306.76,141.63,102.96,1849.96,0
102,102002,2005,51.03,49.2,104.35,99.44,294.69,142.01,168.87,163.61,145.28,268.83,310.74,354.59,2152.63,0
102,102002,2006,51.84,112.36,185.33,130.7,287.43,206.21,188.61,130.25,198.97,208.43,187.1,118.03,2005.26,0
102,102002,2007,118.89,30.87,126.17,210.88,146.24,170.89,240.36,207.07,294.11,333.94,193.25,163.17,2235.83,1
102,102002,2008,69.53,67.04,125.69,189.69,171.28,230.64,204.71,194.34,278.32,346.42,333.74,203.77,2415.15,1
102,102002,2009,89.02,64.43,253.66,193.86,266.55,68.47,189.49,341.77,214.63,223.81,401.56,144.35,2451.58,1
102,102002,2010,71.57,32.53,95.33,154.97,127.02,277.19,189.89,164.37,187.03,270.61,431.64,276.93,2279.06,0
102,102003,2000,91.56,128.29,241.47,202,267.2,208.14,111.39,199.24,290.81,351.92,310.07,161.4,2563.48,0
102,102003,2001,154.49,23.13,190.36,217.01,187.02,148.91,185.42,224.96,220.5,328.79,194.99,129.52,2205.11,0
102,102003,2002,16.81,19.34,56.29,201.13,128.78,103.4,142.38,154.94,270.26,205.68,244.56,206.12,1749.71,1
102,102003,2003,36.62,53.69,206.66,75.12,123.62,151.7,198.64,327.86,275.16,638.42,207.56,128.61,2423.66,1
102,102003,2004,53.89,52.83,99.44,140.02,159.99,200.04,160.34,197.85,234.2,306.76,141.63,102.96,1849.96,0
102,102003,2005,51.03,49.2,104.35,99.44,294.69,142.01,168.87,163.61,145.28,268.83,310.74,354.59,2152.63,0
102,102003,2006,51.84,112.36,185.33,130.7,287.43,206.21,188.61,130.25,198.97,208.43,187.1,118.03,2005.26,0
102,102003,2007,118.89,30.87,126.17,210.88,146.24,170.89,240.36,207.07,294.11,333.94,193.25,163.17,2235.83,1
102,102003,2008,69.53,67.04,125.69,189.69,171.28,230.64,204.71,194.34,278.32,346.42,333.74,203.77,2415.15,1
102,102003,2009,89.02,64.43,253.66,193.86,266.55,68.47,189.49,341.77,214.63,223.81,401.56,144.35,2451.58,0
102,102003,2010,71.57,32.53,95.33,154.97,127.02,277.19,189.89,164.37,187.03,270.61,431.64,276.93,2279.06,1
102,102004,2000,119.96,142.51,237.09,196.63,225.03,178.48,108.3,175.17,289.68,358.36,480.61,271.28,2783.11,0
102,102004,2001,171.49,29.19,187.58,195.94,175.05,109,177.98,200.25,215.33,321.23,246.2,200.72,2229.95,0
102,102004,2002,32.8,29.06,66.52,190.73,115.78,107.96,121.06,132.01,253.31,209.89,335.63,284.99,1879.75,1
102,102004,2003,55.18,73.94,201.92,75.16,97.78,161.16,178.33,286.22,240.16,661.38,290.17,204.5,2525.9,1
102,102004,2004,74.77,50.97,95.57,123.6,135.61,163.94,137.18,187.54,247.32,364.59,201.17,157.14,1939.41,0
102,102004,2005,69.08,43.07,92.65,92.72,273.98,145.72,155.41,146.68,146.89,289.59,356.82,433.78,2246.41,1
102,102004,2006,80.79,108.05,162.55,89.39,286.47,178.16,157.34,120.66,195.58,208.6,229.65,166.06,1983.3,1
102,102004,2007,137.87,29.34,120.27,191.19,137.17,130.61,214.7,188.55,287.58,332.79,205.08,200.4,2175.54,1
102,102004,2008,90.33,73.63,121.81,154.72,157.29,206.55,183.95,180.66,239.05,288.46,496.63,373.81,2566.88,1
102,102004,2009,156.4,69.42,244.58,186.28,258.47,70.4,181.39,311.22,177,197.95,467.96,227.34,2548.42,1
102,102004,2010,76.31,29.9,83.28,128.41,115.31,229.7,189.38,160.53,154.03,277.8,508.31,374.56,2327.51,1
102,102005,2000,52.71,90.84,243.86,242.83,265.26,236.55,124.7,226.19,290.66,274.7,314.81,144.31,2507.42,0
102,102005,2001,182.68,18.51,210.44,200.04,158.19,185.82,175.25,216.18,215.81,344.93,165.42,123.47,2196.75,0
102,102005,2002,3.65,4.66,43.39,197.06,156.11,99.91,154.37,202.02,244.37,210.87,225.25,144.84,1686.5,0
102,102005,2003,21.29,18.49,190.81,61.62,159.81,138.75,213.8,333.07,288.08,523.12,167.6,94.44,2210.89,1
102,102005,2004,17.5,56.92,81.15,153.41,187.78,240.65,199.88,182.95,236.85,259.07,106.8,56.87,1779.82,0
102,102005,2005,15,32.52,120.86,86.07,294.57,156.64,162.66,182.52,136.25,268.37,300.4,415.6,2171.45,1
102,102005,2006,28.04,117.15,179.36,175.83,252,235.21,218.69,137.99,212.66,208.54,154.96,76.28,1996.71,0
102,102005,2007,96.53,24.16,127.12,203.89,149.6,221.85,255.88,231.57,266.58,319.61,192.27,136.39,2225.46,1
102,102005,2008,44.42,59.46,97.71,193.03,200.13,244.77,190.91,188.52,244.35,375.88,273.14,134.44,2246.74,0
102,102005,2009,51.51,26.36,259.05,193.04,228.39,58.92,187.6,289.62,234.37,235.88,421.01,54.12,2239.87,1
102,102005,2010,77.18,29.5,82.54,158.73,139.7,292.06,190.22,150.39,218.02,270.33,422.91,241.06,2272.64,0
106,107001,2000,127.47,146.67,213.84,184.02,247.41,184.52,110.1,187.22,284.99,382.45,230.91,147.39,2447.01,0
106,107001,2001,148.62,35.08,183.02,230.97,199.17,145.76,180.47,235.79,224.66,329.55,201.27,119.8,2234.16,1
106,107001,2002,40.89,37.94,74.22,196.57,134.05,99.27,140.38,129.74,291.64,197.52,211.34,207.8,1761.37,1
106,107001,2003,63.15,90.21,192.08,106.38,126.31,154.83,193.87,310.01,273.96,645.6,195.6,135.13,2487.11,1
106,107001,2004,89.59,65.95,126.17,137.36,138.94,182.41,165.11,195.78,221.92,303.64,141.12,116.95,1884.94,1
106,107001,2005,71.04,51.82,93.75,118.15,265.51,134.64,173.36,185.74,157.7,282.54,306.48,296.83,2137.57,1
106,107001,2006,69.59,121.97,198.13,151.67,298.92,201.45,180.01,147.19,208.64,209.03,197.8,152.05,2136.46,0
106,107001,2007,147.7,40.96,124.16,221.79,149.96,143.89,232.23,192.59,310.77,335.8,205.84,176.44,2282.13,1
106,107001,2008,98.64,76.18,180.49,203.47,142.6,216.05,227.58,215.49,312.37,355.04,308.56,202.1,2538.56,1
106,107001,2009,114.35,98.75,273.38,196.89,287.45,82.62,202.6,378.48,224.12,233.65,337.84,198.73,2628.86,1
106,107001,2010,92.97,40.77,112.52,162.41,136.25,274.99,187.7,177.95,173.25,248.74,402.18,258.82,2268.54,1
106,107002,2000,127.47,146.67,213.84,184.02,247.41,184.52,110.1,187.22,284.99,382.45,230.91,147.39,2447.01,0
106,107002,2001,148.62,35.08,183.02,230.97,199.17,145.76,180.47,235.79,224.66,329.55,201.27,119.8,2234.16,1
106,107002,2002,40.89,37.94,74.22,196.57,134.05,99.27,140.38,129.74,291.64,197.52,211.34,207.8,1761.37,1
106,107002,2003,63.15,90.21,192.08,106.38,126.31,154.83,193.87,310.01,273.96,645.6,195.6,135.13,2487.11,1
106,107002,2004,89.59,65.95,126.17,137.36,138.94,182.41,165.11,195.78,221.92,303.64,141.12,116.95,1884.94,1
106,107002,2005,71.04,51.82,93.75,118.15,265.51,134.64,173.36,185.74,157.7,282.54,306.48,296.83,2137.57,1
106,107002,2006,69.59,121.97,198.13,151.67,298.92,201.45,180.01,147.19,208.64,209.03,197.8,152.05,2136.46,0
106,107002,2007,147.7,40.96,124.16,221.79,149.96,143.89,232.23,192.59,310.77,335.8,205.84,176.44,2282.13,1
106,107002,2008,98.64,76.18,180.49,203.47,142.6,216.05,227.58,215.49,312.37,355.04,308.56,202.1,2538.56,1
106,107002,2009,114.35,98.75,273.38,196.89,287.45,82.62,202.6,378.48,224.12,233.65,337.84,198.73,2628.86,1
106,107002,2010,92.97,40.77,112.52,162.41,136.25,274.99,187.7,177.95,173.25,248.74,402.18,258.82,2268.54,1
106,107003,2000,127.47,146.67,213.84,184.02,247.41,184.52,110.1,187.22,284.99,382.45,230.91,147.39,2447.01,0
106,107003,2001,148.62,35.08,183.02,230.97,199.17,145.76,180.47,235.79,224.66,329.55,201.27,119.8,2234.16,1
106,107003,2002,40.89,37.94,74.22,196.57,134.05,99.27,140.38,129.74,291.64,197.52,211.34,207.8,1761.37,1
106,107003,2003,63.15,90.21,192.08,106.38,126.31,154.83,193.87,310.01,273.96,645.6,195.6,135.13,2487.11,1
106,107003,2004,89.59,65.95,126.17,137.36,138.94,182.41,165.11,195.78,221.92,303.64,141.12,116.95,1884.94,1
106,107003,2005,71.04,51.82,93.75,118.15,265.51,134.64,173.36,185.74,157.7,282.54,306.48,296.83,2137.57,1
106,107003,2006,69.59,121.97,198.13,151.67,298.92,201.45,180.01,147.19,208.64,209.03,197.8,152.05,2136.46,0
106,107003,2007,147.7,40.96,124.16,221.79,149.96,143.89,232.23,192.59,310.77,335.8,205.84,176.44,2282.13,1
106,107003,2008,98.64,76.18,180.49,203.47,142.6,216.05,227.58,215.49,312.37,355.04,308.56,202.1,2538.56,1
106,107003,2009,114.35,98.75,273.38,196.89,287.45,82.62,202.6,378.48,224.12,233.65,337.84,198.73,2628.86,1
106,107003,2010,92.97,40.77,112.52,162.41,136.25,274.99,187.7,177.95,173.25,248.74,402.18,258.82,2268.54,1
109,109001,2000,281.74,135.85,146.15,267.53,147.76,108.82,117.37,193.41,261.1,283.65,264.66,286.05,2494.09,0
109,109001,2001,315.44,103.31,212.55,365.9,102.63,135.92,145.7,117.45,181.11,252.97,213.62,180.28,2326.86,1
109,109001,2002,122.78,111.26,138.22,335.3,116.48,101.83,97.51,158.91,297.02,245.91,305.62,275.45,2306.29,1
109,109001,2003,195.34,214.6,211.56,255.6,106.15,138.89,168.57,152.01,150.14,387.29,352.78,255.46,2588.39,1
109,109001,2004,224.8,232.47,182.87,239.03,103.94,60.54,275.72,92.62,171.34,304.46,306.95,204.36,2399.1,1
109,109001,2005,73.15,122.57,159.71,207.44,175.52,97.92,165.5,186.7,172.99,328.03,250.08,276.84,2216.44,1
109,109001,2006,238.96,344.92,215.07,221.25,195.33,128.98,133.1,191.38,262.96,306.02,351.62,267.17,2856.75,1
109,109001,2007,302.86,111.23,186.36,372.5,75.53,178.22,166.29,151.36,154,288.01,209.02,226.01,2421.39,1
109,109001,2008,268.45,151.58,392.58,232.36,93.97,181.32,159.96,253.45,182.77,376.35,362.93,234.26,2890,1
109,109001,2009,279.03,173.54,339.79,207.52,120.23,112.71,139.68,204.14,205.79,232.85,318.36,384.48,2718.12,1
109,109001,2010,189.92,153.73,158.07,274.6,287.68,168.29,181.72,148.18,199.33,116.61,273.53,264.92,2416.59,1
109,109002,2000,293.62,137.48,167.2,269.35,158.6,119.33,147.05,226.76,255.81,290.29,319.57,310.24,2695.3,0
109,109002,2001,331.69,124.42,224.02,409.41,119.03,162.2,173.19,148.92,186.1,262.74,219.56,198.71,2559.97,0
109,109002,2002,109.86,107.97,153.12,365.64,119.74,111.47,143.27,198.5,293.14,232.22,342.96,281.83,2459.71,0
109,109002,2003,201.03,205.78,248.21,300.33,110.15,124.01,188.6,160.86,150.16,336.66,370.87,267.17,2663.84,0
109,109002,2004,204.71,238.45,202.95,258.05,118.87,66.48,300.72,115.92,167.96,298.17,336.3,191.65,2500.24,0
109,109002,2005,64.87,145.91,183.9,212.29,191.22,96.51,186.53,187.87,177.26,316.74,228.93,252.33,2244.37,0
109,109002,2006,258.27,353.7,217.35,214.77,195.54,148.26,147.68,201.72,265.55,314.09,395.75,312.12,3024.8,0
109,109002,2007,321.59,132.94,215.9,429.28,94.62,197.83,168.47,149.43,153.34,320.73,213.94,233.68,2631.76,0
109,109002,2008,283.2,161.01,427.87,255.56,103.91,193.2,150.8,234.05,184.39,351.92,383.81,235.25,2964.99,0
109,109002,2009,263.78,203.34,323.02,218.34,99.64,121.83,137.51,191.38,213.5,238.47,327.09,407.99,2745.9,0
109,109002,2010,179.11,193.35,189.28,318.16,308.46,195.22,200.69,170.94,220.57,126.6,263.86,263.88,2630.11,0
109,109003,2000,289.55,130.63,161.39,261.56,150.46,113.07,145.59,226.88,252.68,273.48,296.02,300.09,2601.4,0
109,109003,2001,321.91,123.64,211.99,409.64,114.42,157.76,171.41,141.55,186.73,259.82,214.98,167.77,2481.62,1
109,109003,2002,108.33,110.15,149.04,370.64,108.59,109.87,144.52,194.4,294.26,234.93,336.46,265.37,2426.55,1
109,109003,2003,187.95,206.91,241.65,296.69,108.79,124.81,182.16,154.07,144.02,324.84,360.99,252.73,2585.6,1
109,109003,2004,205.66,241.87,204.05,261.48,109.85,57.1,298.05,114.05,166.87,288.71,327.46,165.93,2441.07,1
109,109003,2005,62.79,145.51,181.78,212.47,185.74,91.39,184.12,191.33,174.57,313.82,211.53,242.81,2197.86,1
109,109003,2006,255.67,347.78,216.49,217.79,191.14,141.23,148.65,202.05,263.31,321.45,392.86,291.48,2989.89,1
109,109003,2007,312.06,134.02,218.11,431.92,84.93,192.24,165.32,147.61,151.48,304.78,212.3,201.4,2556.16,1
109,109003,2008,282.32,148.74,425.17,260.48,102.12,198.73,146.81,235.5,174.52,360.51,376.64,218.05,2929.58,1
109,109003,2009,245.26,205.3,320.33,216.39,85.55,119.71,138.73,191.7,211.09,232.15,313.73,372.33,2652.26,1
109,109003,2010,177.31,198.12,187.53,321.13,308.1,193.81,194.02,172.02,221.04,123.14,260.56,245.42,2602.19,1
109,109004,2000,293.62,137.48,167.2,269.35,158.6,119.33,147.05,226.76,255.81,290.29,319.57,310.24,2695.3,0
109,109004,2001,331.69,124.42,224.02,409.41,119.03,162.2,173.19,148.92,186.1,262.74,219.56,198.71,2559.97,1
109,109004,2002,109.86,107.97,153.12,365.64,119.74,111.47,143.27,198.5,293.14,232.22,342.96,281.83,2459.71,1
109,109004,2003,201.03,205.78,248.21,300.33,110.15,124.01,188.6,160.86,150.16,336.66,370.87,267.17,2663.84,1
109,109004,2004,204.71,238.45,202.95,258.05,118.87,66.48,300.72,115.92,167.96,298.17,336.3,191.65,2500.24,1
109,109004,2005,64.87,145.91,183.9,212.29,191.22,96.51,186.53,187.87,177.26,316.74,228.93,252.33,2244.37,1
109,109004,2006,258.27,353.7,217.35,214.77,195.54,148.26,147.68,201.72,265.55,314.09,395.75,312.12,3024.8,1
109,109004,2007,321.59,132.94,215.9,429.28,94.62,197.83,168.47,149.43,153.34,320.73,213.94,233.68,2631.76,1
109,109004,2008,283.2,161.01,427.87,255.56,103.91,193.2,150.8,234.05,184.39,351.92,383.81,235.25,2964.99,1
109,109004,2009,263.78,203.34,323.02,218.34,99.64,121.83,137.51,191.38,213.5,238.47,327.09,407.99,2745.9,1
109,109004,2010,179.11,193.35,189.28,318.16,308.46,195.22,200.69,170.94,220.57,126.6,263.86,263.88,2630.11,1
109,109005,2000,289.55,130.63,161.39,261.56,150.46,113.07,145.59,226.88,252.68,273.48,296.02,300.09,2601.4,0
109,109005,2001,321.91,123.64,211.99,409.64,114.42,157.76,171.41,141.55,186.73,259.82,214.98,167.77,2481.62,1
109,109005,2002,108.33,110.15,149.04,370.64,108.59,109.87,144.52,194.4,294.26,234.93,336.46,265.37,2426.55,1
109,109005,2003,187.95,206.91,241.65,296.69,108.79,124.81,182.16,154.07,144.02,324.84,360.99,252.73,2585.6,1
109,109005,2004,205.66,241.87,204.05,261.48,109.85,57.1,298.05,114.05,166.87,288.71,327.46,165.93,2441.07,1
109,109005,2005,62.79,145.51,181.78,212.47,185.74,91.39,184.12,191.33,174.57,313.82,211.53,242.81,2197.86,1
109,109005,2006,255.67,347.78,216.49,217.79,191.14,141.23,148.65,202.05,263.31,321.45,392.86,291.48,2989.89,1
109,109005,2007,312.06,134.02,218.11,431.92,84.93,192.24,165.32,147.61,151.48,304.78,212.3,201.4,2556.16,1
109,109005,2008,282.32,148.74,425.17,260.48,102.12,198.73,146.81,235.5,174.52,360.51,376.64,218.05,2929.58,1
109,109005,2009,245.26,205.3,320.33,216.39,85.55,119.71,138.73,191.7,211.09,232.15,313.73,372.33,2652.26,1
109,109005,2010,177.31,198.12,187.53,321.13,308.1,193.81,194.02,172.02,221.04,123.14,260.56,245.42,2602.19,1
109,109006,2000,270.05,129.88,170.86,233.46,135.34,123.37,170.57,248.04,238.58,256.56,300.42,302.92,2580.06,0
109,109006,2001,299.3,145.11,192.28,403.58,132.05,169.42,188.04,176.43,180.31,269.01,213.05,163.15,2531.72,0
109,109006,2002,92.4,96.7,171.17,369.98,119.85,111.09,218.52,224.52,271.64,201.08,329.2,251.68,2457.83,0
109,109006,2003,185.13,195.34,251.19,321.73,115.68,110.07,185.07,149.85,151.24,282.08,330.59,241.28,2519.27,0
109,109006,2004,172.69,210.29,226.9,259.04,123.41,63.41,274.11,147.94,162.65,288.6,304.22,128.44,2361.71,0
109,109006,2005,54.09,139.43,185.45,202.73,195.68,82.52,210.25,234.8,162.03,297.81,205.44,221.39,2191.62,0
109,109006,2006,243.56,296.71,201.66,206.98,192.13,148.43,164.12,213.61,239.28,303.62,381.37,315.09,2906.55,0
109,109006,2007,290.04,132.97,216.23,413.26,109.44,188.65,170.45,159.16,156.2,329.53,207.2,180.24,2553.36,1
109,109006,2008,254.74,134.73,403.32,263.78,117.39,211.37,158.31,228.66,167.73,322.36,357.38,212.15,2831.92,0
109,109006,2009,196.68,209.6,286.38,209.47,67.61,116.53,149.16,193.28,221.87,225.75,300.62,342.35,2519.3,1
109,109006,2010,160.77,203.64,198.17,328.65,284.3,232.12,192.7,190.42,218.11,127.75,257.37,229.66,2623.66,0
113,113001,2000,289.55,130.63,161.39,261.56,150.46,113.07,145.59,226.88,252.68,273.48,296.02,300.09,2601.4,0
113,113001,2001,321.91,123.64,211.99,409.64,114.42,157.76,171.41,141.55,186.73,259.82,214.98,167.77,2481.62,1
113,113001,2002,108.33,110.15,149.04,370.64,108.59,109.87,144.52,194.4,294.26,234.93,336.46,265.37,2426.55,1
113,113001,2003,187.95,206.91,241.65,296.69,108.79,124.81,182.16,154.07,144.02,324.84,360.99,252.73,2585.6,1
113,113001,2004,205.66,241.87,204.05,261.48,109.85,57.1,298.05,114.05,166.87,288.71,327.46,165.93,2441.07,1
113,113001,2005,62.79,145.51,181.78,212.47,185.74,91.39,184.12,191.33,174.57,313.82,211.53,242.81,2197.86,1
113,113001,2006,255.67,347.78,216.49,217.79,191.14,141.23,148.65,202.05,263.31,321.45,392.86,291.48,2989.89,1
113,113001,2007,312.06,134.02,218.11,431.92,84.93,192.24,165.32,147.61,151.48,304.78,212.3,201.4,2556.16,1
113,113001,2008,282.32,148.74,425.17,260.48,102.12,198.73,146.81,235.5,174.52,360.51,376.64,218.05,2929.58,1
113,113001,2009,245.26,205.3,320.33,216.39,85.55,119.71,138.73,191.7,211.09,232.15,313.73,372.33,2652.26,1
113,113001,2010,177.31,198.12,187.53,321.13,308.1,193.81,194.02,172.02,221.04,123.14,260.56,245.42,2602.19,1
105,105001,2000,270.05,129.88,170.86,233.46,135.34,123.37,170.57,248.04,238.58,256.56,300.42,302.92,2580.06,0
105,105001,2001,299.3,145.11,192.28,403.58,132.05,169.42,188.04,176.43,180.31,269.01,213.05,163.15,2531.72,0
105,105001,2002,92.4,96.7,171.17,369.98,119.85,111.09,218.52,224.52,271.64,201.08,329.2,251.68,2457.83,0
105,105001,2003,185.13,195.34,251.19,321.73,115.68,110.07,185.07,149.85,151.24,282.08,330.59,241.28,2519.27,0
105,105001,2004,172.69,210.29,226.9,259.04,123.41,63.41,274.11,147.94,162.65,288.6,304.22,128.44,2361.71,0
105,105001,2005,54.09,139.43,185.45,202.73,195.68,82.52,210.25,234.8,162.03,297.81,205.44,221.39,2191.62,0
105,105001,2006,243.56,296.71,201.66,206.98,192.13,148.43,164.12,213.61,239.28,303.62,381.37,315.09,2906.55,0
105,105001,2007,290.04,132.97,216.23,413.26,109.44,188.65,170.45,159.16,156.2,329.53,207.2,180.24,2553.36,1
105,105001,2008,254.74,134.73,403.32,263.78,117.39,211.37,158.31,228.66,167.73,322.36,357.38,212.15,2831.92,0
105,105001,2009,196.68,209.6,286.38,209.47,67.61,116.53,149.16,193.28,221.87,225.75,300.62,342.35,2519.3,0
105,105001,2010,160.77,203.64,198.17,328.65,284.3,232.12,192.7,190.42,218.11,127.75,257.37,229.66,2623.66,0
105,105002,2000,231.12,142.74,177.16,188.06,88.42,144.45,203.78,246.16,207.76,230.71,271.39,293.68,2425.44,0
105,105002,2001,257.48,170.84,160.55,333.02,159.3,171.98,192.91,229.37,152.78,277.59,207.9,205.42,2519.13,1
105,105002,2002,75.61,61.23,200.62,317.21,156.73,107.13,341.32,245.79,217.59,123.54,274.41,232.77,2353.94,1
105,105002,2003,193.95,179.57,236.96,331.36,124.17,84.35,178.78,131.15,174.21,247.49,242.64,227.99,2352.63,0
105,105002,2004,139.73,121.38,253.31,215.09,153.02,90.28,194.14,203.66,154.38,306.7,222.91,105.33,2159.92,1
105,105002,2005,51.45,93.53,163.38,171.01,218.36,68.27,234.98,307.62,132.12,268.09,247.55,205.03,2161.37,1
105,105002,2006,210.59,188.46,159.86,188.25,195.93,156.51,183.1,222.94,178.44,235.08,299.79,374.95,2593.9,1
105,105002,2007,248.27,96.59,175.86,284.49,162.45,172.52,182.33,189.68,167.46,362.9,202.5,209.05,2454.1,1
105,105002,2008,181.28,121.33,316.62,229.22,138.88,212.58,197.34,243.47,166.1,251.09,284.73,213.32,2555.96,1
105,105002,2009,127.84,172.46,228.69,178.34,79.65,103.69,168.21,200.9,237.45,220.5,276.63,318.91,2313.27,1
105,105002,2010,132.35,147.8,189.22,282.07,204.16,281.77,184.29,205.93,183.01,121.62,259.54,220.18,2411.96,1
104,104001,2000,231.12,142.74,177.16,188.06,88.42,144.45,203.78,246.16,207.76,230.71,271.39,293.68,2425.44,0
104,104001,2001,257.48,170.84,160.55,333.02,159.3,171.98,192.91,229.37,152.78,277.59,207.9,205.42,2519.13,1
104,104001,2002,75.61,61.23,200.62,317.21,156.73,107.13,341.32,245.79,217.59,123.54,274.41,232.77,2353.94,0
104,104001,2003,193.95,179.57,236.96,331.36,124.17,84.35,178.78,131.15,174.21,247.49,242.64,227.99,2352.63,0
104,104001,2004,139.73,121.38,253.31,215.09,153.02,90.28,194.14,203.66,154.38,306.7,222.91,105.33,2159.92,0
104,104001,2005,51.45,93.53,163.38,171.01,218.36,68.27,234.98,307.62,132.12,268.09,247.55,205.03,2161.37,0
104,104001,2006,210.59,188.46,159.86,188.25,195.93,156.51,183.1,222.94,178.44,235.08,299.79,374.95,2593.9,0
104,104001,2007,248.27,96.59,175.86,284.49,162.45,172.52,182.33,189.68,167.46,362.9,202.5,209.05,2454.1,0
104,104001,2008,181.28,121.33,316.62,229.22,138.88,212.58,197.34,243.47,166.1,251.09,284.73,213.32,2555.96,0
104,104001,2009,127.84,172.46,228.69,178.34,79.65,103.69,168.21,200.9,237.45,220.5,276.63,318.91,2313.27,0
104,104001,2010,132.35,147.8,189.22,282.07,204.16,281.77,184.29,205.93,183.01,121.62,259.54,220.18,2411.96,0
104,104002,2000,231.12,142.74,177.16,188.06,88.42,144.45,203.78,246.16,207.76,230.71,271.39,293.68,2425.44,0
104,104002,2001,257.48,170.84,160.55,333.02,159.3,171.98,192.91,229.37,152.78,277.59,207.9,205.42,2519.13,1
104,104002,2002,75.61,61.23,200.62,317.21,156.73,107.13,341.32,245.79,217.59,123.54,274.41,232.77,2353.94,1
104,104002,2003,193.95,179.57,236.96,331.36,124.17,84.35,178.78,131.15,174.21,247.49,242.64,227.99,2352.63,0
104,104002,2004,139.73,121.38,253.31,215.09,153.02,90.28,194.14,203.66,154.38,306.7,222.91,105.33,2159.92,1
104,104002,2005,51.45,93.53,163.38,171.01,218.36,68.27,234.98,307.62,132.12,268.09,247.55,205.03,2161.37,0
104,104002,2006,210.59,188.46,159.86,188.25,195.93,156.51,183.1,222.94,178.44,235.08,299.79,374.95,2593.9,1
104,104002,2007,248.27,96.59,175.86,284.49,162.45,172.52,182.33,189.68,167.46,362.9,202.5,209.05,2454.1,1
104,104002,2008,181.28,121.33,316.62,229.22,138.88,212.58,197.34,243.47,166.1,251.09,284.73,213.32,2555.96,1
104,104002,2009,127.84,172.46,228.69,178.34,79.65,103.69,168.21,200.9,237.45,220.5,276.63,318.91,2313.27,1
104,104002,2010,132.35,147.8,189.22,282.07,204.16,281.77,184.29,205.93,183.01,121.62,259.54,220.18,2411.96,1
104,104003,2000,231.12,142.74,177.16,188.06,88.42,144.45,203.78,246.16,207.76,230.71,271.39,293.68,2425.44,0
104,104003,2001,257.48,170.84,160.55,333.02,159.3,171.98,192.91,229.37,152.78,277.59,207.9,205.42,2519.13,1
104,104003,2002,75.61,61.23,200.62,317.21,156.73,107.13,341.32,245.79,217.59,123.54,274.41,232.77,2353.94,1
104,104003,2003,193.95,179.57,236.96,331.36,124.17,84.35,178.78,131.15,174.21,247.49,242.64,227.99,2352.63,0
104,104003,2004,139.73,121.38,253.31,215.09,153.02,90.28,194.14,203.66,154.38,306.7,222.91,105.33,2159.92,1
104,104003,2005,51.45,93.53,163.38,171.01,218.36,68.27,234.98,307.62,132.12,268.09,247.55,205.03,2161.37,1
104,104003,2006,210.59,188.46,159.86,188.25,195.93,156.51,183.1,222.94,178.44,235.08,299.79,374.95,2593.9,1
104,104003,2007,248.27,96.59,175.86,284.49,162.45,172.52,182.33,189.68,167.46,362.9,202.5,209.05,2454.1,1
104,104003,2008,181.28,121.33,316.62,229.22,138.88,212.58,197.34,243.47,166.1,251.09,284.73,213.32,2555.96,1
104,104003,2009,127.84,172.46,228.69,178.34,79.65,103.69,168.21,200.9,237.45,220.5,276.63,318.91,2313.27,1
104,104003,2010,132.35,147.8,189.22,282.07,204.16,281.77,184.29,205.93,183.01,121.62,259.54,220.18,2411.96,0
101,101001,2000,265.33,193.8,194.79,246.99,87.67,165.19,179.32,162.75,150.42,198.21,342.69,262.83,2449.99,0
101,101001,2001,334.88,137.17,235.38,240.8,168.73,155.8,157.6,211.65,159.95,267.4,214.4,446,2729.77,0
101,101001,2002,160.81,46.78,124.42,187.21,216.68,103.32,321.76,148.01,154.03,48.7,278.73,245.21,2035.66,0
101,101001,2003,225.45,177.89,182.04,245.99,103.7,62.83,165.15,163.79,200.3,299.76,170.25,261.14,2258.29,0
101,101001,2004,385.82,45.57,267.76,125.13,190.27,140.67,161.29,210.36,166.78,226.68,189.82,138.67,2248.81,0
101,101001,2005,128.03,40.08,125.61,134.59,299.37,78.19,167.54,210.39,154.9,293.43,331.8,185.28,2149.21,0
101,101001,2006,320.93,132.63,114.67,231.87,206.7,213.3,201.46,180.38,121.61,151.25,215.57,620.89,2711.28,1
101,101001,2007,387.12,92.85,225.02,211.51,174.77,173.2,178.24,203.53,167.77,327.83,269.15,317.62,2728.6,1
101,101001,2008,181.81,133.8,285.83,176.5,133.54,180.38,208.12,275.48,180.35,219.17,275.39,223.39,2473.75,0
101,101001,2009,65.82,134.85,239.37,151.28,153.65,106.89,179.75,203.84,194.64,214.54,276.93,262.35,2183.92,0
101,101001,2010,77.21,50.37,230.84,214.34,177.07,273.91,236.18,194.46,190.55,157.23,271.72,193.8,2267.67,0
101,101002,2000,231.12,142.74,177.16,188.06,88.42,144.45,203.78,246.16,207.76,230.71,271.39,293.68,2425.44,0
101,101002,2001,257.48,170.84,160.55,333.02,159.3,171.98,192.91,229.37,152.78,277.59,207.9,205.42,2519.13,1
101,101002,2002,75.61,61.23,200.62,317.21,156.73,107.13,341.32,245.79,217.59,123.54,274.41,232.77,2353.94,0
101,101002,2003,193.95,179.57,236.96,331.36,124.17,84.35,178.78,131.15,174.21,247.49,242.64,227.99,2352.63,0
101,101002,2004,139.73,121.38,253.31,215.09,153.02,90.28,194.14,203.66,154.38,306.7,222.91,105.33,2159.92,0
101,101002,2005,51.45,93.53,163.38,171.01,218.36,68.27,234.98,307.62,132.12,268.09,247.55,205.03,2161.37,0
101,101002,2006,210.59,188.46,159.86,188.25,195.93,156.51,183.1,222.94,178.44,235.08,299.79,374.95,2593.9,1
101,101002,2007,248.27,96.59,175.86,284.49,162.45,172.52,182.33,189.68,167.46,362.9,202.5,209.05,2454.1,1
101,101002,2008,181.28,121.33,316.62,229.22,138.88,212.58,197.34,243.47,166.1,251.09,284.73,213.32,2555.96,0
101,101002,2009,127.84,172.46,228.69,178.34,79.65,103.69,168.21,200.9,237.45,220.5,276.63,318.91,2313.27,0
101,101002,2010,132.35,147.8,189.22,282.07,204.16,281.77,184.29,205.93,183.01,121.62,259.54,220.18,2411.96,1
101,101005,2000,223.39,162.3,182.18,217.71,76.25,162.91,192.98,194.56,172.14,204.52,290.4,278.88,2358.22,0
101,101005,2001,278.93,157.74,184.49,275.73,171.14,159.27,170.91,227.44,147.45,284.89,213.1,319.75,2590.86,0
101,101005,2002,117.48,43.59,185.86,253.14,201.76,106.97,351.84,194.78,183.4,69.08,260.61,249.58,2218.08,1
101,101005,2003,223.48,181.54,215.99,295.76,123.16,76.22,164.32,137.66,205.43,265.33,204.58,254.4,2347.87,1
101,101005,2004,249.61,73.33,274.61,177.55,174.06,122.58,152.8,209.36,160.8,291.18,191.47,112.8,2190.14,1
101,101005,2005,87.85,56.55,140.28,155.8,257.98,68.24,219.63,294.1,136.49,275.72,298.63,199.21,2190.48,1
101,101005,2006,250.95,128.8,132.37,205.81,210.7,182.46,188.3,206.86,130.89,179.51,226.42,496.79,2539.87,1
101,101005,2007,296.71,89.81,192.28,219.4,186.63,162.43,181.93,203.73,176.38,355.2,234.91,249.35,2548.75,1
101,101005,2008,158.75,117.61,280.72,199.74,138.37,200.51,211.47,258.11,181.35,215.1,258.34,209.05,2429.12,0
101,101005,2009,76.76,143.62,228.71,161.99,115.52,100.21,175.2,205.22,223.75,220.25,270.4,285.35,2206.97,1
101,101005,2010,115.88,90.84,219.18,243.24,176,288.39,209.89,207.97,187.26,138.95,260.09,198.01,2335.7,1
101,101006,2000,223.39,162.3,182.18,217.71,76.25,162.91,192.98,194.56,172.14,204.52,290.4,278.88,2358.22,0
101,101006,2001,278.93,157.74,184.49,275.73,171.14,159.27,170.91,227.44,147.45,284.89,213.1,319.75,2590.86,0
101,101006,2002,117.48,43.59,185.86,253.14,201.76,106.97,351.84,194.78,183.4,69.08,260.61,249.58,2218.08,0
101,101006,2003,223.48,181.54,215.99,295.76,123.16,76.22,164.32,137.66,205.43,265.33,204.58,254.4,2347.87,0
101,101006,2004,249.61,73.33,274.61,177.55,174.06,122.58,152.8,209.36,160.8,291.18,191.47,112.8,2190.14,0
101,101006,2005,87.85,56.55,140.28,155.8,257.98,68.24,219.63,294.1,136.49,275.72,298.63,199.21,2190.48,0
101,101006,2006,250.95,128.8,132.37,205.81,210.7,182.46,188.3,206.86,130.89,179.51,226.42,496.79,2539.87,1
101,101006,2007,296.71,89.81,192.28,219.4,186.63,162.43,181.93,203.73,176.38,355.2,234.91,249.35,2548.75,1
101,101006,2008,158.75,117.61,280.72,199.74,138.37,200.51,211.47,258.11,181.35,215.1,258.34,209.05,2429.12,0
101,101006,2009,76.76,143.62,228.71,161.99,115.52,100.21,175.2,205.22,223.75,220.25,270.4,285.35,2206.97,0
101,101006,2010,115.88,90.84,219.18,243.24,176,288.39,209.89,207.97,187.26,138.95,260.09,198.01,2335.7,0
101,101003,2000,307.29,211.82,194.34,258.14,118.18,177.57,158.69,166.81,157.98,225.11,388.59,270.14,2634.66,0
101,101003,2001,371.39,123.54,285.64,232.24,179.72,174.96,142.38,198.86,191.9,289.82,218.34,555.53,2964.32,1
101,101003,2002,196.07,64.05,95.52,156.94,243.04,109.23,293.68,137.46,172.7,62.54,328.85,315.09,2175.16,0
101,101003,2003,311.23,224.93,183.72,241.45,103.57,81.38,200.88,202.64,210.78,366.77,234.51,333.33,2695.17,0
101,101003,2004,478.33,37.71,273.14,104.9,223.75,179.02,215.03,184.6,204.4,228.5,240.55,230.38,2600.32,0
101,101003,2005,180.6,33.33,133.9,148.3,356.77,109.79,165.06,162.98,184.16,344.48,399.39,221.36,2440.11,0
101,101003,2006,379.55,147.71,101.96,252.03,223.38,255.51,203.07,168.46,152.08,135.66,226.02,729.03,2974.44,1
101,101003,2007,462.41,112.87,244.25,224.61,208.61,186.01,186.82,215.93,182.77,330.48,319.39,381.32,3055.48,1
101,101003,2008,201.53,151.68,311.37,179.94,132.61,177.23,214.71,292.33,210.18,258.84,312.6,273.58,2716.6,0
101,101003,2009,73.45,127.09,273,164.4,191.99,120.78,187.85,209.76,194.42,236.17,300.01,284.59,2363.51,0
101,101003,2010,74.34,31.66,250.3,191.4,197.61,299.89,270.78,207.67,229.74,201.2,319.14,210.91,2484.65,0
101,101004,2000,286.82,217.86,204.43,257.65,94.13,172.33,171.47,162.91,152.03,227.65,349.19,265.14,2561.6,0
101,101004,2001,379.35,132.95,272.38,212.9,159.53,171.04,149.07,214.12,160.32,255.53,212.58,568.25,2888.01,1
101,101004,2002,156,46.21,109.81,162.44,237.93,96.38,307.27,161.05,147.33,58.71,290.68,269.11,2042.92,0
101,101004,2003,256.75,182.14,179.97,233.17,96.17,58.33,189.12,175.36,197.41,314.15,181.29,298.56,2362.42,1
101,101004,2004,390.87,35.53,253.25,94.34,209.17,158.97,171.92,213.76,177.04,248.14,211.08,239.57,2403.63,0
101,101004,2005,132.72,42.17,124.73,123.24,308.36,91.12,152.97,172.61,169.39,288.13,394.76,214.09,2214.32,0
101,101004,2006,335.31,177.13,107.43,227.84,203.23,221.18,199.8,177.03,144.01,142.64,227.23,674.45,2837.29,1
101,101004,2007,410.54,83.92,209.1,209.55,185.21,199.38,182.25,200.85,162.4,347.63,274.7,417.3,2882.83,1
101,101004,2008,205.13,175.06,299.05,167.04,132.25,160.57,211.67,285.94,194.09,226.89,308.05,260.53,2626.28,0
101,101004,2009,126.36,123.51,245.19,153.26,189.95,116.27,168.19,194.6,194.17,233.34,304.41,367,2416.25,0
101,101004,2010,76.21,35.03,206.89,191.8,179.78,260.94,246.9,182.72,186.42,148.22,284.86,252.91,2252.67,0
106,106001,2000,269.48,207.3,189.33,212.43,89.51,175.53,190.91,207.09,180.04,283.51,294.89,278.14,2578.15,0
106,106001,2001,340.71,146.86,244.06,212.84,160.33,190.85,162.74,239,131.97,251.31,215.2,548.53,2844.38,0
106,106001,2002,87.51,38.22,149.57,192.07,231.58,100.67,317.67,242.97,170.58,100.42,265.68,321.52,2218.45,0
106,106001,2003,271.46,178.74,198.27,276.02,93.9,64.76,221.66,154.3,181.82,285.76,222.76,354.49,2503.95,1
106,106001,2004,218.85,43.46,209.73,102.21,215.75,148.16,179.6,211.97,174.01,334.29,239.29,356.15,2433.47,1
106,106001,2005,83.75,58.55,131.3,127.85,274.62,96.38,182.54,207.85,158.78,244.81,426.19,252.81,2245.42,0
106,106001,2006,245.04,236.99,117.1,180.23,180.07,192.92,184.55,198.6,186.33,163.24,259.91,558.95,2703.94,0
106,106001,2007,340.63,58.69,145.47,197.84,205.05,224.71,193.93,195.57,157.21,401.86,236.85,489.45,2847.26,1
106,106001,2008,209.2,215.36,302.49,173.04,133.85,154.81,221.45,276.89,208.26,236.67,331.56,312.36,2775.93,0
106,106001,2009,224.7,112.38,231.98,161.91,197.86,127.03,150.05,181.4,222.13,258.5,336.25,523.91,2728.1,0
106,106001,2010,98.85,53.73,145.8,187.57,176.65,253.15,222.95,182.57,167.81,116.87,293.22,334.19,2233.36,0
106,106002,2000,269.34,216.14,186.7,220.92,103.89,184.21,168.3,210.25,186.22,338.86,278.24,275.81,2638.91,0
106,106002,2001,364.77,127.52,274.07,180.56,158.44,201.69,145.4,233.88,106.8,255.96,216.23,657.86,2923.19,1
106,106002,2002,65.37,30.83,156.09,177.73,260.84,105.54,257.62,278.4,186.62,137.37,256.5,434.51,2347.43,1
106,106002,2003,340.24,183.45,210.64,274.8,81.06,78.47,259.21,155.05,186.04,291.05,299.28,451.13,2810.43,1
106,106002,2004,180.01,48,167.68,88,233.51,160.93,195.11,187.3,188.7,420.48,291.19,543.82,2704.73,1
106,106002,2005,72.31,63.23,129.76,133.22,272.6,114.87,189.2,184.81,175.85,224.01,518.98,314.4,2393.24,1
106,106002,2006,215.73,318.22,115.61,154.96,169.89,189.19,161.48,201.68,233.16,166.53,273.39,551.86,2751.7,0
106,106002,2007,343.91,46.67,112.49,192.26,222.32,253.38,202.08,189.69,155.31,441.47,229.08,615.24,3003.9,1
106,106002,2008,231.83,272.39,315.79,166.92,125.08,131.46,225.07,273.17,238.06,249.64,374.74,379.01,2983.16,1
106,106002,2009,328.52,91.14,246.25,170.57,236.48,142.21,127.89,164.99,229.66,288.56,380.82,680.75,3087.87,1
106,106002,2010,114.93,46.43,110.6,167.87,186.7,222.72,229.29,170.96,171.62,103.06,306.65,417.35,2248.18,1
106,106003,2000,269.94,228.39,190.27,237.5,116.06,190.59,146.5,206.06,190.11,371.12,277.04,270.96,2694.55,0
106,106003,2001,394.5,107.92,306.85,146.35,157.72,207.47,125.11,229.3,88.16,265.43,216.31,752.14,2997.26,1
106,106003,2002,60.07,24.68,154.89,156.02,290.27,108.47,206.23,295.62,194.08,161.76,251.31,523.71,2427.1,1
106,106003,2003,407.64,180.94,220.87,262.49,71.77,89.61,288.52,161.79,195.56,307.23,360.98,506.79,3054.19,1
106,106003,2004,181.49,47.43,138.95,73.33,247.19,178.23,205.83,173.88,201.82,492.01,327.15,691.81,2959.12,1
106,106003,2005,71.08,61.62,126.56,134.95,279.01,131.16,192.56,162.85,195.57,216.31,608.01,370.67,2550.34,0
106,106003,2006,203.95,379.33,112.02,141.79,167.41,189.35,143.8,203.03,268.17,166.89,278.95,569.71,2824.38,0
106,106003,2007,357.41,39.28,95.78,184.2,230.54,264.69,205.75,191.01,158.85,463.1,226.23,692.92,3109.74,0
106,106003,2008,243.56,311.61,311.77,157.59,118.67,114.24,224.01,270.82,256.23,247.71,419,431.96,3107.17,0
106,106003,2009,405.58,74.61,267.93,176.15,261.93,146.98,116.27,155.46,228.31,305.55,413.13,758.6,3310.5,1
106,106003,2010,122.67,35.36,94.99,150.48,190.35,197.07,239.51,159.11,174.95,102.39,323.72,478.67,2269.28,1
111,111001,2000,262.74,236.1,196.02,251.8,118,189.64,139.55,198.61,204.35,376.77,324.32,285.15,2783.03,0
111,111001,2001,404.94,95.94,314.81,118.52,160.78,203.5,118.8,229.3,81.35,270.01,230.55,789.41,3017.9,1
111,111001,2002,62.1,20.71,149.92,137.02,303.55,108.46,181.32,297.5,191.4,173.9,263.43,565.49,2454.79,0
111,111001,2003,441.02,168.22,223.52,243.19,68.78,100.14,301.64,167.1,202.27,330.62,396.05,530.57,3173.14,1
111,111001,2004,183.41,40.68,118.95,62.27,246.77,187.63,208.24,172.45,209.25,539.36,345.77,755.37,3070.15,0
111,111001,2005,71.48,55.29,125.21,128.32,277.34,146.94,193.78,151.34,208.22,222.52,657.26,423.45,2661.17,0
111,111001,2006,192.54,394.09,105.14,131.32,175.02,192.33,139.03,205.15,282.55,164.15,288.16,576.55,2846.03,0
111,111001,2007,353.95,33.79,91.04,170.43,224.77,252.1,204.36,200.53,174.54,458.74,226.37,682.17,3072.78,0
111,111001,2008,238.61,316.02,281.42,148.79,121.36,115.54,215.12,262.09,248,226.55,512.94,499.97,3186.42,0
111,111001,2009,455.86,65.38,293.54,179.03,262.32,141.17,120.27,156.84,217.6,306.42,451.69,748.77,3398.89,1
111,111001,2010,125.48,29.05,91.48,136.39,188.36,184.54,249.44,149.38,174.47,123.74,362.61,531.22,2346.17,1
111,111002,2000,253.08,229.38,207.31,266.71,107.04,171.76,145.99,178.82,234.55,350.38,484.89,350.41,2980.33,0
111,111002,2001,391.79,89.64,292.04,97.99,168.09,176.81,139.4,225.41,93.36,263.48,278.37,749.07,2965.46,0
111,111002,2002,68.48,20.18,142.21,122.64,290,107.08,168.59,276.89,178.69,177.04,316.01,566.82,2434.64,0
111,111002,2003,412.51,149.75,213.42,207.73,68.74,118.4,292.57,165.97,203.05,358.36,422.14,545.84,3158.46,1
111,111002,2004,168.48,32.32,98.18,55.03,220.4,178.7,203.14,171.42,214.48,562.47,358.96,718.73,2982.31,0
111,111002,2005,70.92,46.9,128.38,108.75,259.54,173.44,190.62,144.46,210.11,246.9,647.05,500.64,2727.71,0
111,111002,2006,174.68,359.89,96.43,112.34,199.8,201.33,152.52,210.77,280.79,160.7,313.05,551.14,2813.46,0
111,111002,2007,318.88,30.2,94.51,148.72,200.46,212.62,202.23,214.06,209.44,422.18,234.57,594.53,2882.41,0
111,111002,2008,217.78,275.83,227.44,135.17,136.66,140.88,196.03,245.8,213.07,196.34,702.64,605.84,3293.5,0
111,111002,2009,475.68,58.46,312.62,176.56,237.5,129.45,141.57,166.61,197.1,295.98,523.83,682.84,3398.21,0
111,111002,2010,127.62,30.92,90.59,120.33,185.66,178.27,264.27,141.91,177.9,171.41,436.64,593.85,2519.36,0
111,111003,2000,244.74,206.68,219.62,276.1,89.12,139.26,153.27,145.73,273.42,292.7,718.04,447.7,3206.37,0
111,111003,2001,364.35,81.89,251.05,83.17,178.12,130.88,182.53,209.9,123.86,246.02,333.76,658.66,2844.19,1
111,111003,2002,73.53,21.85,129.47,109.92,256.87,107.56,156.81,231.67,160.48,173.4,391.68,540.09,2353.34,0
111,111003,2003,324.53,129.3,187.97,153.82,68.26,142.17,267.14,157.56,198.56,374.26,442.53,553.31,2999.41,1
111,111003,2004,140.45,25.89,72.6,49.74,173.46,150.49,192.12,161.05,223.81,556.92,363.28,599.25,2709.08,0
111,111003,2005,69.08,37.04,132.4,79.05,235.24,206.25,181.94,135.51,200.46,278.83,574.34,594.36,2724.51,0
111,111003,2006,153.94,299.98,90.88,86.19,238.58,216.08,178.25,218.55,270.08,161.16,335.79,480.93,2730.4,0
111,111003,2007,264.61,25.92,96.06,125.22,173.89,169.01,207.07,221.98,247.23,372.59,232.77,492.8,2629.15,0
111,111003,2008,188.68,215.92,174.57,116.74,154.84,176.56,183.05,237.27,176.9,173.8,916.92,681.69,3396.94,0
111,111003,2009,459.68,48.38,307.07,165.12,211.83,122.94,168.58,173.86,175.29,285.07,600.17,600.21,3318.22,1
111,111003,2010,123.97,33.04,84.16,101.03,186.54,176.86,287.71,136.67,188.79,218.55,494.54,636.29,2668.14,0
111,111004,2000,244.74,206.68,219.62,276.1,89.12,139.26,153.27,145.73,273.42,292.7,718.04,447.7,3206.37,0
111,111004,2001,364.35,81.89,251.05,83.17,178.12,130.88,182.53,209.9,123.86,246.02,333.76,658.66,2844.19,0
111,111004,2002,73.53,21.85,129.47,109.92,256.87,107.56,156.81,231.67,160.48,173.4,391.68,540.09,2353.34,0
111,111004,2003,324.53,129.3,187.97,153.82,68.26,142.17,267.14,157.56,198.56,374.26,442.53,553.31,2999.41,1
111,111004,2004,140.45,25.89,72.6,49.74,173.46,150.49,192.12,161.05,223.81,556.92,363.28,599.25,2709.08,0
111,111004,2005,69.08,37.04,132.4,79.05,235.24,206.25,181.94,135.51,200.46,278.83,574.34,594.36,2724.51,0
111,111004,2006,153.94,299.98,90.88,86.19,238.58,216.08,178.25,218.55,270.08,161.16,335.79,480.93,2730.4,0
111,111004,2007,264.61,25.92,96.06,125.22,173.89,169.01,207.07,221.98,247.23,372.59,232.77,492.8,2629.15,0
111,111004,2008,188.68,215.92,174.57,116.74,154.84,176.56,183.05,237.27,176.9,173.8,916.92,681.69,3396.94,0
111,111004,2009,459.68,48.38,307.07,165.12,211.83,122.94,168.58,173.86,175.29,285.07,600.17,600.21,3318.22,0
111,111004,2010,123.97,33.04,84.16,101.03,186.54,176.86,287.71,136.67,188.79,218.55,494.54,636.29,2668.14,0
111,111005,2000,224.52,202.81,224.68,284.43,87.64,125.8,139.77,126.64,265.89,278.05,745.55,458.68,3164.46,0
111,111005,2001,323.07,77.04,238.78,101.02,162.14,108.96,168.65,184.19,132.33,249.67,340.7,538.13,2624.66,1
111,111005,2002,76.74,31.54,121.84,123.94,226.03,100,127.13,202.47,157.08,180.9,432.64,497.26,2277.59,0
111,111005,2003,268.48,120.16,184.88,138.49,73.29,147.35,230.15,153.88,172.26,408.36,435.83,468.99,2802.13,1
111,111005,2004,132.53,39.95,74.85,64.96,146.02,130.06,185.33,147.18,219.53,519.63,354.47,497.53,2512.03,0
111,111005,2005,68.47,39.23,129.95,83.84,206.04,189.45,159.23,127.72,187.01,294.11,546.72,599.24,2631,0
111,111005,2006,149.95,256.12,103.39,93.73,244.35,191.3,164.34,185.48,254.17,169.75,347.47,418.85,2578.92,0
111,111005,2007,243.14,29.2,107.56,127.59,150.33,139.5,193.44,220.01,251.82,363.09,253.37,426.86,2505.91,0
111,111005,2008,171.97,195.87,161.89,115.83,156.52,172.4,163.81,214.38,163.24,176.65,917.94,727.19,3337.68,1
111,111005,2009,421.94,54.98,315.2,169.02,194.92,107.39,163.54,185.5,160.38,257.98,619.52,553.57,3203.94,1
111,111005,2010,118.15,36.37,83.35,100.15,172.34,168.54,264.1,135.33,171.26,235.06,562.18,634.11,2680.95,1
111,111006,2000,224.52,202.81,224.68,284.43,87.64,125.8,139.77,126.64,265.89,278.05,745.55,458.68,3164.46,0
111,111006,2001,323.07,77.04,238.78,101.02,162.14,108.96,168.65,184.19,132.33,249.67,340.7,538.13,2624.66,1
111,111006,2002,76.74,31.54,121.84,123.94,226.03,100,127.13,202.47,157.08,180.9,432.64,497.26,2277.59,0
111,111006,2003,268.48,120.16,184.88,138.49,73.29,147.35,230.15,153.88,172.26,408.36,435.83,468.99,2802.13,1
111,111006,2004,132.53,39.95,74.85,64.96,146.02,130.06,185.33,147.18,219.53,519.63,354.47,497.53,2512.03,0
111,111006,2005,68.47,39.23,129.95,83.84,206.04,189.45,159.23,127.72,187.01,294.11,546.72,599.24,2631,0
111,111006,2006,149.95,256.12,103.39,93.73,244.35,191.3,164.34,185.48,254.17,169.75,347.47,418.85,2578.92,0
111,111006,2007,243.14,29.2,107.56,127.59,150.33,139.5,193.44,220.01,251.82,363.09,253.37,426.86,2505.91,0
111,111006,2008,171.97,195.87,161.89,115.83,156.52,172.4,163.81,214.38,163.24,176.65,917.94,727.19,3337.68,1
111,111006,2009,421.94,54.98,315.2,169.02,194.92,107.39,163.54,185.5,160.38,257.98,619.52,553.57,3203.94,1
111,111006,2010,118.15,36.37,83.35,100.15,172.34,168.54,264.1,135.33,171.26,235.06,562.18,634.11,2680.95,1
111,111007,2000,208.12,182.79,232.02,273.93,75.21,107.26,139.78,102.69,278.17,227.09,881.54,511,3219.59,0
111,111007,2001,290.88,64.19,215.56,82.14,165.16,77.44,193.04,164.78,157.58,233.64,344.95,488,2477.36,1
111,111007,2002,65.28,24.29,101.78,103.7,200.38,103.06,118.67,164.26,128.03,165.34,480.48,468.78,2124.03,1
111,111007,2003,184.95,93.91,161.5,89.8,71.25,153.02,212.57,144.26,150.89,385.72,435.37,460.71,2543.96,1
111,111007,2004,97.68,25.69,48.3,51.68,116.2,107.98,168.13,132.09,226.37,489.1,340.41,390.45,2194.08,0
111,111007,2005,61.37,25.7,124.76,53.57,188.14,198.46,143.19,107.41,168.11,298.35,479.26,655.33,2503.64,0
111,111007,2006,128.03,204.32,97.17,69.61,268.56,199.56,175.47,175.27,235.55,168.01,338.36,340.83,2400.75,0
111,111007,2007,202.22,23.23,101.26,112.92,143.87,121.69,194.94,213.64,257.17,339.09,229.36,365.42,2304.8,0
111,111007,2008,145.71,164.05,126.34,99.32,162.64,182.42,162.78,208.68,143.09,164.93,1006.35,722.59,3288.89,1
111,111007,2009,392.47,42.8,285.8,151.55,187.07,104.75,168.97,174.82,145.19,238.65,647.16,465.59,3004.84,1
111,111007,2010,101.86,30.2,68.96,83.19,163.54,175.11,270.1,131.87,173.41,253.14,570.58,624.53,2646.49,1
103,103001,2000,173.29,163.75,238.34,248.55,100.37,117.79,126.39,106.05,267.11,242.45,839.46,494.04,3117.57,0
103,103001,2001,254.17,52.83,213.18,107.48,148.39,69.4,172.61,153.71,178.16,258.34,330.59,390.59,2329.45,0
103,103001,2002,58.99,28.53,86.09,122.05,163.46,108.36,101.81,139.39,147.11,179.83,486.32,416.03,2037.96,1
103,103001,2003,127.2,83.08,158.51,76.93,77.71,153.11,184.37,166.32,150.32,455.45,418.98,375.51,2427.49,0
103,103001,2004,85.9,37.15,59.02,66.78,104.92,111.95,154.33,137.27,241.76,434.88,307.79,291.88,2033.64,1
103,103001,2005,64.82,25.65,110.18,58.25,196.63,179.36,128.51,111.74,155.15,305.85,444.46,632.04,2412.64,0
103,103001,2006,123.64,150.23,116.8,73.42,266.05,176.54,157.21,139.86,215.47,182.31,313.19,273.68,2188.4,1
103,103001,2007,175.99,26.08,110.6,124.25,129.6,103.17,184.25,198.63,251.68,328,233.58,295.86,2161.69,0
103,103001,2008,124.54,127.26,109.59,98.72,161.95,175.34,148.97,177.32,139.13,177.1,900.06,702.37,3042.35,0
103,103001,2009,324.4,46.42,270.35,152.77,184.75,84.77,162.34,190.16,137.61,203.56,626.46,385.6,2769.19,1
103,103001,2010,92.74,30.2,65.98,83.36,133.58,166.2,229.66,135.25,150.43,268.88,614.98,577.6,2548.88,0
103,103002,2000,148.71,146.45,220.77,222.96,105.88,123.08,123.28,109.69,260.86,215.74,835.2,481.29,2993.91,0
103,103002,2001,243.03,44.09,213.06,90.32,144.47,64.84,177.57,140.42,188.24,251.14,294.37,399.28,2250.82,0
103,103002,2002,41.22,16.88,67.22,104.93,164.25,109.63,96.61,121.79,119.65,167.39,479.55,394.85,1883.98,0
103,103002,2003,95.78,66.47,142.7,58.42,84.02,140.02,181.32,156.64,136.29,412.18,407.42,365.93,2247.18,0
103,103002,2004,62.49,25.32,40.01,55.34,107.16,110.05,138.52,126.2,240.48,390.27,283.04,244.22,1823.11,0
103,103002,2005,52.63,15.11,98.67,40.03,196.43,172.52,118.16,100.39,139.78,293.78,405.4,637.81,2270.7,0
103,103002,2006,110.62,133.84,115.87,67.41,259.09,184.76,153.65,132.29,207.65,175.04,272.59,221.24,2034.05,0
103,103002,2007,166.14,18.31,100.05,128.07,137.79,116.82,184.76,183.83,229.61,323.86,192.18,268.19,2049.62,0
103,103002,2008,112.72,119.48,94.88,88.94,163.63,180.06,163.07,170.69,136.91,185.27,868.18,624.48,2908.31,0
103,103002,2009,295.82,35.05,243.29,140.36,194.18,81.03,152.67,169.82,132.27,185.46,607.29,295.04,2532.29,1
103,103002,2010,78.61,19.74,52.72,74.58,122.79,177.05,217.06,134.09,149.05,277.81,581.08,537.52,2422.09,0
103,103003,2000,173.29,163.75,238.34,248.55,100.37,117.79,126.39,106.05,267.11,242.45,839.46,494.04,3117.57,0
103,103003,2001,254.17,52.83,213.18,107.48,148.39,69.4,172.61,153.71,178.16,258.34,330.59,390.59,2329.45,1
103,103003,2002,58.99,28.53,86.09,122.05,163.46,108.36,101.81,139.39,147.11,179.83,486.32,416.03,2037.96,1
103,103003,2003,127.2,83.08,158.51,76.93,77.71,153.11,184.37,166.32,150.32,455.45,418.98,375.51,2427.49,1
103,103003,2004,85.9,37.15,59.02,66.78,104.92,111.95,154.33,137.27,241.76,434.88,307.79,291.88,2033.64,1
103,103003,2005,64.82,25.65,110.18,58.25,196.63,179.36,128.51,111.74,155.15,305.85,444.46,632.04,2412.64,1
103,103003,2006,123.64,150.23,116.8,73.42,266.05,176.54,157.21,139.86,215.47,182.31,313.19,273.68,2188.4,1
103,103003,2007,175.99,26.08,110.6,124.25,129.6,103.17,184.25,198.63,251.68,328,233.58,295.86,2161.69,1
103,103003,2008,124.54,127.26,109.59,98.72,161.95,175.34,148.97,177.32,139.13,177.1,900.06,702.37,3042.35,1
103,103003,2009,324.4,46.42,270.35,152.77,184.75,84.77,162.34,190.16,137.61,203.56,626.46,385.6,2769.19,1
103,103003,2010,92.74,30.2,65.98,83.36,133.58,166.2,229.66,135.25,150.43,268.88,614.98,577.6,2548.88,0
103,103004,2000,111.88,116.05,223.82,189.27,125.77,142.94,116.21,120.7,248.68,228.03,842.47,485.86,2951.69,0
103,103004,2001,239.77,34.13,215.35,103.09,122.04,62.97,161.08,135.45,197.56,281.47,295.39,372.37,2220.68,1
103,103004,2002,33.04,15.79,52.27,113.42,139.75,119.34,91.72,116.04,135.32,192.02,493.55,363.91,1866.17,1
103,103004,2003,61.48,54.55,132.7,52.55,86.64,135.64,167.67,175.24,152.45,469.21,413.35,322.59,2224.07,1
103,103004,2004,48.24,33.31,48.58,61.73,110.27,122.01,132.18,142.47,265.85,351.54,258.56,189.91,1764.67,0
103,103004,2005,55.13,14.97,82.61,38.68,230.16,164.06,114.46,110.29,140.44,296.52,389.27,641.93,2278.52,1
103,103004,2006,113.89,94.31,123.04,63.25,237.95,168.89,133.92,106.64,194.05,186.38,245.84,188.4,1856.57,1
103,103004,2007,151.16,19.63,105.79,133.77,127.95,106.38,181.62,165.52,218.85,317.08,197.34,224.96,1950.04,1
103,103004,2008,96.78,78.06,75.12,82.34,156.32,179.45,150.75,140.23,128.15,191.48,791.85,628.85,2699.38,1
103,103004,2009,238.15,32.2,217.21,136.62,188.78,62.27,146.29,177.79,127.75,159.57,604.61,234.45,2325.7,0
103,103004,2010,74.59,19.28,48.78,69.68,91.92,156.57,181.3,136.17,129.95,294.43,623.22,511.07,2336.96,0
112,112001,2000,149.34,174.06,203.83,256.43,160.7,368.01,86.95,207.74,119.88,195.42,194.28,189.74,2306.36,0
112,112001,2001,223.73,86.29,154.42,232.52,150.43,209.45,132.75,153.33,246.27,434.78,242.25,133.28,2399.49,0
112,112001,2002,81.47,83.98,70.67,105.66,204.79,193.61,165.97,218.07,179.09,213.75,241.9,160.37,1919.33,0
112,112001,2003,74.12,100.27,138.9,132.5,144.28,176.35,263.43,238.55,199.74,387.53,196.3,253.94,2305.91,0
112,112001,2004,111.17,76.67,128.36,164.24,259.76,98.39,286.16,96.24,284.86,187.38,258.97,206.75,2158.95,0
112,112001,2005,121.87,51.54,129.28,178.81,304.62,256.72,195.08,242.12,151.55,242.63,307.87,294.25,2476.34,0
112,112001,2006,168.3,193.55,187.61,219.02,332.68,358.14,174.3,221.91,230.07,236.26,245.46,253.83,2821.13,0
112,112001,2007,333.68,104.51,133.43,169.25,376.39,348.81,272.72,208.07,269.69,267.34,267.46,210.37,2961.73,0
112,112001,2008,185.24,245.73,289.31,252.16,265.07,297.7,234.51,200.92,254.24,411.26,319.75,207.73,3163.61,0
112,112001,2009,451.14,225.65,355.73,135.42,134.51,156.6,192.1,201.49,216.49,248.94,198.82,161.37,2678.27,0
112,112001,2010,267.82,96.93,146.52,259.46,291.68,243.02,344.89,377.68,308.13,203.99,294.17,368.68,3202.97,1
112,112002,2000,186.54,186.33,195.63,150.63,143.48,371.5,126.78,211.45,101.66,376.1,202.46,211.89,2464.45,0
112,112002,2001,191.73,236.14,198.56,124.26,122.96,180.78,155.16,222.83,153.7,310.36,235.32,198.55,2330.36,0
112,112002,2002,117.59,45.27,49.54,114.57,123.14,217.53,277.04,158.93,148.65,135.2,225.58,148.61,1761.64,0
112,112002,2003,155.29,54.3,159.72,163.69,178.22,223.89,228.66,202.51,157.48,319.59,178.01,249.1,2270.44,0
112,112002,2004,180.91,48.63,99.99,118.4,243.13,166.8,206.24,157.85,145.43,183.12,208.06,285.84,2044.39,1
112,112002,2005,76.57,59.98,150.18,81.58,198.15,186.25,260.37,257.59,160.93,294.9,308.99,452.54,2488.02,0
112,112002,2006,326.82,321.42,210.8,243.13,405.3,305.47,249.48,251.96,310.91,271.82,135.35,233.93,3266.38,0
112,112002,2007,377.04,96.42,187.5,132.62,157.96,235.54,351.14,222.86,252.87,276.13,250.39,286.66,2827.15,1
112,112002,2008,182.15,347.23,321.39,211.2,240.15,243.83,236.8,222.97,199.21,280.58,280.31,239.08,3004.9,0
112,112002,2009,465.13,348.7,262.66,243.97,164.03,136.66,191.62,183.42,164.01,239.87,190.75,161.68,2752.5,1
112,112002,2010,232.72,42.93,104.36,166.71,208.4,229.42,208.57,294.06,233.59,159.75,266.98,323.15,2470.64,1
112,112003,2000,280.34,232.86,236.91,108.18,123.18,279.69,190.3,172.67,148.75,480.76,222.77,240.16,2716.56,0
112,112003,2001,239.17,499.28,308.78,100.17,97.93,122.55,156.54,199.2,152.2,277.39,281.89,290.54,2725.64,0
112,112003,2002,123.36,69.16,77.96,106.09,76.46,218.71,274.57,120.06,196.24,157.05,294.1,135.97,1849.72,0
112,112003,2003,247.59,50.24,191.79,114.94,195.1,240.92,194.35,196.96,179.77,252.39,174.07,367.72,2405.83,1
112,112003,2004,147.66,65.14,86.86,93.44,236.16,164.21,254.28,150.04,123.97,157.98,198.66,426.7,2105.1,0
112,112003,2005,88.64,56.35,131.06,35.38,138.3,138.21,231.85,214.72,178.52,312.94,281.33,533.12,2340.43,0
112,112003,2006,427.64,600.62,248.71,216.03,308.25,223.11,358.61,279.79,575.81,334.08,126.91,397.81,4097.37,1
112,112003,2007,597.92,115.6,185.14,122.78,127.59,162.88,267,193.25,218.52,310.12,204.24,344.34,2849.39,0
112,112003,2008,213.02,527.86,369.04,201.28,173.72,184.33,236.65,223.06,179.25,267.23,312.11,217.19,3104.73,0
112,112003,2009,539.23,513.27,225.76,210.02,188.13,147.69,218.82,142.41,172.21,266.21,222.37,212.93,3059.05,0
112,112003,2010,258.66,32.5,97.78,145.54,143.9,165.83,127.76,251.46,164.93,175.12,279.14,308.48,2151.1,1
112,112004,2000,273.86,230.92,240.96,114.06,127.13,294.01,186.81,184.17,150.25,488.37,227.72,246.04,2764.3,0
112,112004,2001,239.45,484.35,314.68,100.66,103.07,133.71,160.4,205.67,160.97,295.82,285.99,292.52,2777.29,0
112,112004,2002,126.52,66.75,75.45,109.85,80.22,222.28,279.23,132.4,202.09,160.8,300.84,138.55,1894.99,0
112,112004,2003,246.24,49.18,188.97,121.65,197.72,243.08,207.27,202.2,183.21,270.7,178.02,366.21,2454.45,1
112,112004,2004,152.23,63.48,89.92,95.86,244.36,165.03,256.73,153.76,132.23,172.89,202.05,422.69,2151.24,1
112,112004,2005,89.69,55.24,134.44,39.28,149.85,152.12,251.33,225.84,180.31,327.12,298.41,547.54,2451.19,1
112,112004,2006,435.16,593.23,251.51,221.04,324.65,237.24,360.14,281.15,582.3,344.99,128.72,398.08,4158.2,1
112,112004,2007,616.78,119.63,197.34,126.64,133.07,174.08,278.6,206.94,237.23,325.3,228.47,355.78,2999.86,0
112,112004,2008,223.84,548.99,382.39,208.79,177.18,200.66,249.29,230.75,192.49,290.92,330.23,233.44,3268.98,0
112,112004,2009,588.18,529.83,241.61,213.84,191.69,151.7,225.18,160.51,181.88,280.82,234.01,229.04,3228.29,1
112,112004,2010,280.1,32.06,99.44,149.86,157.03,190.45,147.03,271.62,180.73,180.5,301.12,342.95,2332.88,1
112,112005,2000,231.61,247.08,277.04,172.38,124.19,215.34,180.6,205.64,249.58,543.13,303.32,273.31,3023.24,0
112,112005,2001,261.46,521.43,410.77,130.91,93.02,174.39,129.61,146.81,290.91,439.43,298.22,342.96,3239.9,1
112,112005,2002,95.14,60.89,79.94,120.93,96.09,200.55,167.78,205.38,308.79,234.93,381.06,120.56,2072.05,0
112,112005,2003,247.33,43.44,170.68,32.91,195.58,229.35,258.36,218.6,282.98,347.8,206.06,407.2,2640.29,0
112,112005,2004,69,63.58,92.29,77.36,308.53,135.22,273.74,99.97,229.6,267.75,218.39,380.07,2215.51,0
112,112005,2005,104.11,31.46,104.55,42.77,210.81,219.92,353.68,248.04,203.63,390.68,384.47,554.66,2848.78,0
112,112005,2006,416.89,614.67,239.09,200.15,245.81,305.17,431.72,260.14,746.54,431.63,138.67,451.74,4482.22,1
112,112005,2007,671.38,90.25,192.77,115.2,147.92,158.96,241.65,209.17,270.63,362.6,263.03,325.29,3048.84,0
112,112005,2008,198.41,607.6,385.47,209.24,165.78,219.11,271.26,208.72,217.28,358,355.29,192.5,3388.66,0
112,112005,2009,691.47,561.28,233.22,171.41,194.15,141.29,231.12,195.43,200.12,302.36,241.25,234.37,3397.47,0
112,112005,2010,313.34,9.38,70.76,159,172.57,238.16,163.7,258.17,204.36,197.66,324.41,397.78,2509.29,0
112,112006,2000,200.48,231.79,255.65,169.59,123.46,211.31,160.47,205.83,239.72,496.72,299.81,259.06,2853.9,0
112,112006,2001,242.59,440.72,373.27,124.66,91.08,182.51,119.11,142.49,281.92,427.42,278.87,318.12,3022.76,0
112,112006,2002,86.62,50.89,65.12,119.94,99.6,194.31,153.94,204.03,290.87,221.38,361.81,111.23,1959.73,0
112,112006,2003,220.42,38.18,150.26,29.54,186.76,218.5,254.26,207.16,271.71,341.19,197.84,366.09,2481.91,1
112,112006,2004,64.3,56.55,87.4,76.31,298.19,137.01,250.06,96.78,225.04,263.79,205.48,334.22,2095.13,0
112,112006,2005,88.36,29.6,95.94,43.35,210.02,218.06,345.93,241.46,191.79,368.45,377.01,530.04,2740.02,0
112,112006,2006,382.36,528.14,213.94,193.45,248.44,304.44,388.48,236.19,659.21,396.5,127.1,405.56,4083.81,0
112,112006,2007,601.82,70.02,176.44,104.4,139,148.77,229.42,192.54,256.58,334.85,256.77,290.2,2800.8,1
112,112006,2008,186.31,552.87,349.3,196.27,158.69,206.19,247.62,182.06,204,331.35,332.34,185.61,3132.62,0
112,112006,2009,653.82,494.72,218.75,164.18,183,135.18,210.91,184.44,185.28,274.77,222.34,204.15,3131.53,1
112,112006,2010,292.78,5.91,58.42,153.45,163.49,232.11,157.03,231.32,194.74,187.86,297.44,386.19,2360.75,0
112,112007,2000,159.63,233.86,251.71,218.66,120.89,265.87,117.32,264.91,257.68,560.85,363.46,284.45,3099.31,0
112,112007,2001,237.67,372.38,382.39,135.16,106.22,273.04,113.45,155.92,347.42,556.77,284.62,320.51,3285.54,0
112,112007,2002,91.79,37.48,46.29,127.7,110.34,190.06,120.43,281.83,322.47,233.27,387.34,108.92,2057.94,1
112,112007,2003,182.66,29.4,127.91,31.2,164.6,199.31,321.14,217.03,296.9,460.36,198.92,343.57,2573.02,1
112,112007,2004,52.67,46.55,97.91,65.67,344.39,135.62,228.12,91.05,252.69,364.93,200.75,252.2,2132.54,1
112,112007,2005,79.65,26.83,98.33,40.92,279.5,287.62,498.6,312.91,201.8,428.21,471.18,579.14,3304.69,0
112,112007,2006,385.27,406.74,185.04,218.45,314.49,385.49,359.55,235.12,606.68,442.08,108.68,330.19,3977.79,1
112,112007,2007,495.58,66.63,184.68,103.84,142.76,166.32,229.8,207.02,292.25,343.83,340.68,239.28,2812.68,1
112,112007,2008,176.64,481.99,322.39,203.98,189.42,252.86,260.21,174,230.33,404.38,326.95,175.22,3198.37,1
112,112007,2009,658.46,442.23,221.04,136.38,169.87,119.16,202.08,223.67,198.47,272.6,205.95,214.82,3064.73,1
112,112007,2010,305.95,3.7,44.33,151.86,191.96,314.4,214.52,235.5,243.1,194.37,322.65,456.55,2678.89,0
112,112008,2000,102.41,217.49,223.83,261.57,122.42,342.3,76.13,311.55,249.89,546.33,378.42,289.19,3121.54,0
112,112008,2001,229.88,219.88,329.97,164.66,114.88,330.27,114.22,157.97,380.82,630.97,262.81,284.91,3221.24,0
112,112008,2002,85.03,14.73,22.58,134.42,122.03,206.52,111.06,315.81,317.63,252.49,370.36,111.67,2064.33,0
112,112008,2003,109.94,15.25,105.51,46.68,144.25,197.91,365.48,213.9,278.91,542.27,197.95,277.28,2495.32,0
112,112008,2004,50.4,34.93,98.96,59.53,377.33,120.91,200.31,87.22,267.06,401.53,181.25,148.09,2027.5,0
112,112008,2005,66,18.89,107.02,46.09,332.4,330.21,576.85,360.62,189.94,441.43,530.48,551.31,3551.23,0
112,112008,2006,338.09,216.72,151.03,221.84,382.48,445.17,292.82,227.84,476.69,412.89,92.45,221.52,3479.55,1
112,112008,2007,308.69,55.09,166.81,101.28,157.18,213.23,251.29,235.36,331.48,339.71,380.64,157.85,2698.59,1
112,112008,2008,118.39,335.56,254.88,207.84,210.62,315.96,283.33,176.94,262,465.51,291.93,149.78,3072.75,1
112,112008,2009,512.25,300.06,200.25,110.83,158.98,104.97,197.04,275.19,204.09,264.14,188.33,181.23,2697.37,1
112,112008,2010,241.41,3.01,37.5,154.03,246.56,408.54,284.95,255.57,319.65,199.56,327.78,412.45,2891,1
112,112009,2000,102.41,217.49,223.83,261.57,122.42,342.3,76.13,311.55,249.89,546.33,378.42,289.19,3121.54,0
112,112009,2001,229.88,219.88,329.97,164.66,114.88,330.27,114.22,157.97,380.82,630.97,262.81,284.91,3221.24,0
112,112009,2002,85.03,14.73,22.58,134.42,122.03,206.52,111.06,315.81,317.63,252.49,370.36,111.67,2064.33,0
112,112009,2003,109.94,15.25,105.51,46.68,144.25,197.91,365.48,213.9,278.91,542.27,197.95,277.28,2495.32,0
112,112009,2004,50.4,34.93,98.96,59.53,377.33,120.91,200.31,87.22,267.06,401.53,181.25,148.09,2027.5,0
112,112009,2005,66,18.89,107.02,46.09,332.4,330.21,576.85,360.62,189.94,441.43,530.48,551.31,3551.23,1
112,112009,2006,338.09,216.72,151.03,221.84,382.48,445.17,292.82,227.84,476.69,412.89,92.45,221.52,3479.55,1
112,112009,2007,308.69,55.09,166.81,101.28,157.18,213.23,251.29,235.36,331.48,339.71,380.64,157.85,2698.59,0
112,112009,2008,118.39,335.56,254.88,207.84,210.62,315.96,283.33,176.94,262,465.51,291.93,149.78,3072.75,0
112,112009,2009,512.25,300.06,200.25,110.83,158.98,104.97,197.04,275.19,204.09,264.14,188.33,181.23,2697.37,0
112,112009,2010,241.41,3.01,37.5,154.03,246.56,408.54,284.95,255.57,319.65,199.56,327.78,412.45,2891,1
112,112010,2000,97.87,218.56,222.8,291.51,129.77,396.07,79.11,331.78,244.5,540.56,376.35,312.25,3241.13,0
112,112010,2001,248.31,166.11,304.94,213.58,119.12,334.54,130.77,152.89,390.77,667.85,275.17,278.29,3282.32,0
112,112010,2002,82.76,16.51,32.45,146.07,132.79,237.51,136.07,322.9,325.83,306.81,386.68,127.99,2254.38,0
112,112010,2003,84.74,15.94,129.06,78.92,147.49,216.03,382.98,229.53,275.21,589.72,216.67,285.16,2651.47,0
112,112010,2004,55.34,41.12,108.39,71.66,386.28,122.52,228.08,92.24,285.24,382.91,187.2,137.98,2098.96,0
112,112010,2005,72.4,18.55,129.15,66.21,374.63,331.32,557.46,380.8,199.8,457.95,558.82,549.13,3696.2,0
112,112010,2006,321.45,166.13,155.02,229.15,393.53,459.4,271.52,256.62,448.54,394.52,116.92,210.32,3423.12,0
112,112010,2007,250.09,64.37,153.83,112.13,167.09,234.02,247.08,237.9,336.95,323.96,370.1,133.57,2631.07,0
112,112010,2008,109.15,271.73,228.33,211.76,201.69,322.33,278.12,183.04,259.4,472.18,283.4,144.82,2965.95,0
112,112010,2009,451.08,237.48,193.45,103.11,156.52,107.72,194.81,277.35,200.14,270.15,192.56,169.19,2553.58,0
112,112010,2010,216.24,5.76,42.01,171.29,264.72,393.47,298.35,275.26,342.55,200.86,335.63,383.03,2929.18,1
112,112011,2000,97.87,218.56,222.8,291.51,129.77,396.07,79.11,331.78,244.5,540.56,376.35,312.25,3241.13,0
112,112011,2001,248.31,166.11,304.94,213.58,119.12,334.54,130.77,152.89,390.77,667.85,275.17,278.29,3282.32,1
112,112011,2002,82.76,16.51,32.45,146.07,132.79,237.51,136.07,322.9,325.83,306.81,386.68,127.99,2254.38,0
112,112011,2003,84.74,15.94,129.06,78.92,147.49,216.03,382.98,229.53,275.21,589.72,216.67,285.16,2651.47,0
112,112011,2004,55.34,41.12,108.39,71.66,386.28,122.52,228.08,92.24,285.24,382.91,187.2,137.98,2098.96,0
112,112011,2005,72.4,18.55,129.15,66.21,374.63,331.32,557.46,380.8,199.8,457.95,558.82,549.13,3696.2,0
112,112011,2006,321.45,166.13,155.02,229.15,393.53,459.4,271.52,256.62,448.54,394.52,116.92,210.32,3423.12,1
112,112011,2007,250.09,64.37,153.83,112.13,167.09,234.02,247.08,237.9,336.95,323.96,370.1,133.57,2631.07,0
112,112011,2008,109.15,271.73,228.33,211.76,201.69,322.33,278.12,183.04,259.4,472.18,283.4,144.82,2965.95,0
112,112011,2009,451.08,237.48,193.45,103.11,156.52,107.72,194.81,277.35,200.14,270.15,192.56,169.19,2553.58,0
112,112011,2010,216.24,5.76,42.01,171.29,264.72,393.47,298.35,275.26,342.55,200.86,335.63,383.03,2929.18,1
112,112012,2000,97.87,218.56,222.8,291.51,129.77,396.07,79.11,331.78,244.5,540.56,376.35,312.25,3241.13,0
112,112012,2001,248.31,166.11,304.94,213.58,119.12,334.54,130.77,152.89,390.77,667.85,275.17,278.29,3282.32,1
112,112012,2002,82.76,16.51,32.45,146.07,132.79,237.51,136.07,322.9,325.83,306.81,386.68,127.99,2254.38,1
112,112012,2003,84.74,15.94,129.06,78.92,147.49,216.03,382.98,229.53,275.21,589.72,216.67,285.16,2651.47,0
112,112012,2004,55.34,41.12,108.39,71.66,386.28,122.52,228.08,92.24,285.24,382.91,187.2,137.98,2098.96,1
112,112012,2005,72.4,18.55,129.15,66.21,374.63,331.32,557.46,380.8,199.8,457.95,558.82,549.13,3696.2,0
112,112012,2006,321.45,166.13,155.02,229.15,393.53,459.4,271.52,256.62,448.54,394.52,116.92,210.32,3423.12,1
112,112012,2007,250.09,64.37,153.83,112.13,167.09,234.02,247.08,237.9,336.95,323.96,370.1,133.57,2631.07,0
112,112012,2008,109.15,271.73,228.33,211.76,201.69,322.33,278.12,183.04,259.4,472.18,283.4,144.82,2965.95,0
112,112012,2009,451.08,237.48,193.45,103.11,156.52,107.72,194.81,277.35,200.14,270.15,192.56,169.19,2553.58,0
112,112012,2010,216.24,5.76,42.01,171.29,264.72,393.47,298.35,275.26,342.55,200.86,335.63,383.03,2929.18,0
112,112013,2000,138.81,227.5,196.41,290.35,130.18,412.83,83.46,288.43,210.32,403.25,294.09,304.08,2979.71,0
112,112013,2001,320.15,131.33,211.02,287.58,123.29,289.48,119.09,131.56,341.79,552.14,283.98,226.69,3018.09,1
112,112013,2002,76.2,34.61,62.36,155.3,155.48,237.92,158.43,259.28,258.39,306.15,353.77,161.83,2219.71,1
112,112013,2003,62.53,37.45,148.84,145.41,146.29,224.21,310.58,217.87,193.43,505.3,208.66,329.98,2530.56,1
112,112013,2004,70.72,52.93,118.57,122.36,332.01,102.96,244.66,89.41,284.68,266.67,190.04,166.49,2041.51,0
112,112013,2005,93.08,29.27,140.95,96.2,368.94,272.29,373.99,303.85,185.17,361.2,441.23,417.54,3083.71,0
112,112013,2006,281.81,147.13,152.35,200.81,321.7,414.53,185.78,275.86,375.31,285.74,173.15,263.59,3077.75,1
112,112013,2007,285.02,116.38,126.02,141.12,227.5,319.78,253.31,199.33,307.36,296.03,330.18,158.61,2760.64,1
112,112013,2008,160.15,291.29,277.48,235.84,193.32,314.85,268.67,201.17,251.98,484.66,299.15,190.4,3168.95,1
112,112013,2009,547.69,249.98,241.53,99.97,144.24,107.39,168.23,236.47,183.24,269.75,203.05,167.83,2619.37,1
112,112013,2010,255.41,21.9,56.8,219.08,280.43,348.47,320.19,343.88,399.6,202.19,360.46,403.8,3212.22,1
112,112014,2000,138.81,227.5,196.41,290.35,130.18,412.83,83.46,288.43,210.32,403.25,294.09,304.08,2979.71,0
112,112014,2001,320.15,131.33,211.02,287.58,123.29,289.48,119.09,131.56,341.79,552.14,283.98,226.69,3018.09,0
112,112014,2002,76.2,34.61,62.36,155.3,155.48,237.92,158.43,259.28,258.39,306.15,353.77,161.83,2219.71,1
112,112014,2003,62.53,37.45,148.84,145.41,146.29,224.21,310.58,217.87,193.43,505.3,208.66,329.98,2530.56,0
112,112014,2004,70.72,52.93,118.57,122.36,332.01,102.96,244.66,89.41,284.68,266.67,190.04,166.49,2041.51,0
112,112014,2005,93.08,29.27,140.95,96.2,368.94,272.29,373.99,303.85,185.17,361.2,441.23,417.54,3083.71,0
112,112014,2006,281.81,147.13,152.35,200.81,321.7,414.53,185.78,275.86,375.31,285.74,173.15,263.59,3077.75,0
112,112014,2007,285.02,116.38,126.02,141.12,227.5,319.78,253.31,199.33,307.36,296.03,330.18,158.61,2760.64,0
112,112014,2008,160.15,291.29,277.48,235.84,193.32,314.85,268.67,201.17,251.98,484.66,299.15,190.4,3168.95,0
112,112014,2009,547.69,249.98,241.53,99.97,144.24,107.39,168.23,236.47,183.24,269.75,203.05,167.83,2619.37,0
112,112014,2010,255.41,21.9,56.8,219.08,280.43,348.47,320.19,343.88,399.6,202.19,360.46,403.8,3212.22,0
113,113001,2000,212.74,251.6,210.44,304.37,155.35,460.61,77.02,295.68,255.66,354.23,252.64,274.88,3105.23,0
113,113001,2001,414.25,136.23,172.96,298.62,145.41,293.98,119.04,145.62,329.59,501.32,307.46,216.32,3080.8,0
113,113001,2002,107.75,64.08,83.72,193.01,217.22,233.57,163.09,258.56,213.15,298.2,401.39,187.19,2420.95,0
113,113001,2003,95.15,77.94,166.94,218.26,184.31,213.43,283.57,245.67,157.93,466.48,213.95,420.4,2744.04,0
113,113001,2004,119.32,70.28,140.09,192.65,323.07,90.03,263.04,112.14,334.15,213.59,220.19,245.5,2324.04,0
113,113001,2005,140.7,56.55,159.04,120.89,346.39,275.03,269.17,242,203.68,305.17,344.25,411.61,2874.48,0
113,113001,2006,275.79,131.91,151.27,228.14,310.41,338.51,136.49,297.31,295.84,220.93,228.75,370.16,2985.52,0
113,113001,2007,350.7,199.4,88.45,188.14,296.34,436.81,293.67,177.73,296.8,285.11,307.76,207.73,3128.65,1
113,113001,2008,230.55,268.82,290.01,238.68,187.28,285.31,274.18,244.76,260.24,513,330.94,259.57,3383.35,1
113,113001,2009,690.54,230.28,275.4,129.31,123.06,126.48,170.9,198.18,189.82,285.32,234.29,215.15,2868.73,0
113,113001,2010,314.1,48.22,73.28,246.01,299.58,278.89,375.14,427.19,449.73,250.09,392.04,423.91,3578.17,0
113,113002,2000,212.74,251.6,210.44,304.37,155.35,460.61,77.02,295.68,255.66,354.23,252.64,274.88,3105.23,0
113,113002,2001,414.25,136.23,172.96,298.62,145.41,293.98,119.04,145.62,329.59,501.32,307.46,216.32,3080.8,1
113,113002,2002,107.75,64.08,83.72,193.01,217.22,233.57,163.09,258.56,213.15,298.2,401.39,187.19,2420.95,1
113,113002,2003,95.15,77.94,166.94,218.26,184.31,213.43,283.57,245.67,157.93,466.48,213.95,420.4,2744.04,0
113,113002,2004,119.32,70.28,140.09,192.65,323.07,90.03,263.04,112.14,334.15,213.59,220.19,245.5,2324.04,0
113,113002,2005,140.7,56.55,159.04,120.89,346.39,275.03,269.17,242,203.68,305.17,344.25,411.61,2874.48,0
113,113002,2006,275.79,131.91,151.27,228.14,310.41,338.51,136.49,297.31,295.84,220.93,228.75,370.16,2985.52,0
113,113002,2007,350.7,199.4,88.45,188.14,296.34,436.81,293.67,177.73,296.8,285.11,307.76,207.73,3128.65,1
113,113002,2008,230.55,268.82,290.01,238.68,187.28,285.31,274.18,244.76,260.24,513,330.94,259.57,3383.35,1
113,113002,2009,690.54,230.28,275.4,129.31,123.06,126.48,170.9,198.18,189.82,285.32,234.29,215.15,2868.73,1
113,113002,2010,314.1,48.22,73.28,246.01,299.58,278.89,375.14,427.19,449.73,250.09,392.04,423.91,3578.17,0
113,113003,2000,212.74,251.6,210.44,304.37,155.35,460.61,77.02,295.68,255.66,354.23,252.64,274.88,3105.23,0
113,113003,2001,414.25,136.23,172.96,298.62,145.41,293.98,119.04,145.62,329.59,501.32,307.46,216.32,3080.8,1
113,113003,2002,107.75,64.08,83.72,193.01,217.22,233.57,163.09,258.56,213.15,298.2,401.39,187.19,2420.95,0
113,113003,2003,95.15,77.94,166.94,218.26,184.31,213.43,283.57,245.67,157.93,466.48,213.95,420.4,2744.04,0
113,113003,2004,119.32,70.28,140.09,192.65,323.07,90.03,263.04,112.14,334.15,213.59,220.19,245.5,2324.04,0
113,113003,2005,140.7,56.55,159.04,120.89,346.39,275.03,269.17,242,203.68,305.17,344.25,411.61,2874.48,0
113,113003,2006,275.79,131.91,151.27,228.14,310.41,338.51,136.49,297.31,295.84,220.93,228.75,370.16,2985.52,0
113,113003,2007,350.7,199.4,88.45,188.14,296.34,436.81,293.67,177.73,296.8,285.11,307.76,207.73,3128.65,0
113,113003,2008,230.55,268.82,290.01,238.68,187.28,285.31,274.18,244.76,260.24,513,330.94,259.57,3383.35,1
113,113003,2009,690.54,230.28,275.4,129.31,123.06,126.48,170.9,198.18,189.82,285.32,234.29,215.15,2868.73,1
113,113003,2010,314.1,48.22,73.28,246.01,299.58,278.89,375.14,427.19,449.73,250.09,392.04,423.91,3578.17,0
113,113003,2000,212.74,251.6,210.44,304.37,155.35,460.61,77.02,295.68,255.66,354.23,252.64,274.88,3105.23,0
113,113003,2001,414.25,136.23,172.96,298.62,145.41,293.98,119.04,145.62,329.59,501.32,307.46,216.32,3080.8,1
113,113003,2002,107.75,64.08,83.72,193.01,217.22,233.57,163.09,258.56,213.15,298.2,401.39,187.19,2420.95,0
113,113003,2003,95.15,77.94,166.94,218.26,184.31,213.43,283.57,245.67,157.93,466.48,213.95,420.4,2744.04,0
113,113003,2004,119.32,70.28,140.09,192.65,323.07,90.03,263.04,112.14,334.15,213.59,220.19,245.5,2324.04,0
113,113003,2005,140.7,56.55,159.04,120.89,346.39,275.03,269.17,242,203.68,305.17,344.25,411.61,2874.48,0
113,113003,2006,275.79,131.91,151.27,228.14,310.41,338.51,136.49,297.31,295.84,220.93,228.75,370.16,2985.52,0
113,113003,2007,350.7,199.4,88.45,188.14,296.34,436.81,293.67,177.73,296.8,285.11,307.76,207.73,3128.65,0
113,113003,2008,230.55,268.82,290.01,238.68,187.28,285.31,274.18,244.76,260.24,513,330.94,259.57,3383.35,1
113,113003,2009,690.54,230.28,275.4,129.31,123.06,126.48,170.9,198.18,189.82,285.32,234.29,215.15,2868.73,1
113,113003,2010,314.1,48.22,73.28,246.01,299.58,278.89,375.14,427.19,449.73,250.09,392.04,423.91,3578.17,0
113,113004,2000,212.74,251.6,210.44,304.37,155.35,460.61,77.02,295.68,255.66,354.23,252.64,274.88,3105.23,0
113,113004,2001,414.25,136.23,172.96,298.62,145.41,293.98,119.04,145.62,329.59,501.32,307.46,216.32,3080.8,0
113,113004,2002,107.75,64.08,83.72,193.01,217.22,233.57,163.09,258.56,213.15,298.2,401.39,187.19,2420.95,0
113,113004,2003,95.15,77.94,166.94,218.26,184.31,213.43,283.57,245.67,157.93,466.48,213.95,420.4,2744.04,0
113,113004,2004,119.32,70.28,140.09,192.65,323.07,90.03,263.04,112.14,334.15,213.59,220.19,245.5,2324.04,0
113,113004,2005,140.7,56.55,159.04,120.89,346.39,275.03,269.17,242,203.68,305.17,344.25,411.61,2874.48,0
113,113004,2006,275.79,131.91,151.27,228.14,310.41,338.51,136.49,297.31,295.84,220.93,228.75,370.16,2985.52,0
113,113004,2007,350.7,199.4,88.45,188.14,296.34,436.81,293.67,177.73,296.8,285.11,307.76,207.73,3128.65,0
113,113004,2008,230.55,268.82,290.01,238.68,187.28,285.31,274.18,244.76,260.24,513,330.94,259.57,3383.35,0
113,113004,2009,690.54,230.28,275.4,129.31,123.06,126.48,170.9,198.18,189.82,285.32,234.29,215.15,2868.73,0
113,113004,2010,314.1,48.22,73.28,246.01,299.58,278.89,375.14,427.19,449.73,250.09,392.04,423.91,3578.17,0
113,113005,2000,380.41,274.2,253.22,324.3,109.6,372.91,149.05,201.48,485.76,448.2,459.59,263.38,3722.09,0
113,113005,2001,541.83,292.89,306.04,299.57,102.45,196.79,177.98,187.58,436.2,346.5,330.14,271.53,3489.5,0
113,113005,2002,428.4,161.69,275.44,241.09,175.68,251.52,155.03,297.28,298.65,278.22,408.84,255.39,3227.24,0
113,113005,2003,604.12,256.77,297.01,279.93,214.22,317.02,218.96,234.36,229.75,448.2,435.96,533.59,4069.88,0
113,113005,2004,405.25,216.91,171.95,272.3,378.66,155.89,242.4,157.91,307.94,292.54,345.14,534.76,3481.63,0
113,113005,2005,194.59,197.2,205.61,158.18,175.31,241.9,212.87,202.34,184.86,441.99,170.02,439.77,2824.65,0
113,113005,2006,530.63,151.89,153,322.62,411.29,224.53,141.77,148.62,203.71,273.12,352.77,572.99,3486.95,0
113,113005,2007,706.42,462.56,191.17,288.98,200.27,336.51,375.18,254.62,363.75,262.69,405.44,501.98,4349.56,0
113,113005,2008,358.12,427.87,454.45,359.72,257.88,253.44,469.62,475.36,457.84,364.13,413.09,569.73,4861.25,0
113,113005,2009,1103.88,362.68,323.7,256.61,194.67,182.74,91.73,308.27,165.95,326.67,429.34,477.88,4224.11,1
113,113005,2010,421,116.03,144.42,284.22,250.03,273.24,422.05,424.36,432.88,397.25,437.98,334.44,3937.91,0
113,113006,2000,453.58,275.49,239.78,315.34,119.99,300.51,126.01,176.22,541.31,356.54,370.28,214.31,3489.36,0
113,113006,2001,454.92,304.49,257.73,306.52,121.65,179.65,219.23,176.43,387.2,308.16,300.65,267.44,3284.07,0
113,113006,2002,398.78,214.85,304.14,266.16,176.33,215.12,123.46,273.12,316.97,334.72,388.9,265.39,3277.95,0
113,113006,2003,657.46,286.56,287.29,311.13,198.57,313.82,216.22,198.37,237,371.25,464.33,501.18,4043.18,0
113,113006,2004,521,214.88,220.99,288.85,388.08,157.6,221.7,139.87,295.27,245.38,426.87,537.75,3658.23,0
113,113006,2005,267.47,213.2,247.09,173.05,218.34,255.43,198.09,210.97,187.21,410.56,158.98,356.33,2896.71,0
113,113006,2006,475.32,165.5,238.65,304.31,347.66,178.46,127.78,111.6,194.56,211.35,332.97,519.62,3207.78,0
113,113006,2007,665.2,476.31,229.65,290.45,171.51,287.15,354.6,266.08,358.46,257.24,371.74,526.44,4254.84,0
113,113006,2008,405.85,443.1,464.33,380.61,252.22,229.59,437.8,452.39,413.95,388.31,420.81,611.49,4900.47,1
113,113006,2009,1005.99,384.86,366.54,304.06,262.43,180.52,92.45,299.09,161.16,323.74,482.68,449.96,4313.49,0
113,113006,2010,394.72,179.99,247.24,280.37,231.49,283.88,422.66,406.77,385.65,342.91,447.24,320.1,3943.02,0
113,113007,2000,453.58,275.49,239.78,315.34,119.99,300.51,126.01,176.22,541.31,356.54,370.28,214.31,3489.36,0
113,113007,2001,454.92,304.49,257.73,306.52,121.65,179.65,219.23,176.43,387.2,308.16,300.65,267.44,3284.07,0
113,113007,2002,398.78,214.85,304.14,266.16,176.33,215.12,123.46,273.12,316.97,334.72,388.9,265.39,3277.95,0
113,113007,2003,657.46,286.56,287.29,311.13,198.57,313.82,216.22,198.37,237,371.25,464.33,501.18,4043.18,0
113,113007,2004,521,214.88,220.99,288.85,388.08,157.6,221.7,139.87,295.27,245.38,426.87,537.75,3658.23,0
113,113007,2005,267.47,213.2,247.09,173.05,218.34,255.43,198.09,210.97,187.21,410.56,158.98,356.33,2896.71,0
113,113007,2006,475.32,165.5,238.65,304.31,347.66,178.46,127.78,111.6,194.56,211.35,332.97,519.62,3207.78,0
113,113007,2007,665.2,476.31,229.65,290.45,171.51,287.15,354.6,266.08,358.46,257.24,371.74,526.44,4254.84,0
113,113007,2008,405.85,443.1,464.33,380.61,252.22,229.59,437.8,452.39,413.95,388.31,420.81,611.49,4900.47,1
113,113007,2009,1005.99,384.86,366.54,304.06,262.43,180.52,92.45,299.09,161.16,323.74,482.68,449.96,4313.49,1
113,113007,2010,394.72,179.99,247.24,280.37,231.49,283.88,422.66,406.77,385.65,342.91,447.24,320.1,3943.02,0
113,113008,2000,530.44,246.37,187.75,271.61,144.53,233.26,73.03,157.71,524.48,255.94,210.25,191.17,3026.54,0
113,113008,2001,356.57,302.7,188.9,253.03,130.21,153.54,253.4,169.91,299.27,284.99,240.96,241.66,2875.14,0
113,113008,2002,416.2,273.38,267.53,237.34,159.91,180.89,75.83,248.04,321.39,349.25,330.89,244.89,3105.54,0
113,113008,2003,647.51,302.28,227.9,296.79,165.47,231.54,199.88,146.05,211.87,291.84,368.05,389.94,3479.12,0
113,113008,2004,623.09,184.67,256.38,238.62,363.27,137.16,203.12,107.54,270.09,203.27,432.87,501.85,3521.94,0
113,113008,2005,332.79,205.01,225.54,161.38,216.37,282.69,157.55,183.51,183.12,354.3,178.1,312.86,2793.2,0
113,113008,2006,417.08,216,274.16,282.91,266.8,147.53,133.27,138.47,229.58,153.76,272.76,402.67,2934.99,0
113,113008,2007,523.84,444.51,263.89,248.35,153.07,320.56,335.15,215.05,253.28,221.78,305.44,470.4,3755.32,0
113,113008,2008,469.67,388.11,427.88,272.24,215.02,225.99,294,395.12,264.02,459.91,384.54,628.54,4425.03,1
113,113008,2009,802.05,370.93,346.86,292.65,307.9,161.88,108.8,220.75,155.5,271.72,458.67,356.29,3854,1
113,113008,2010,320.89,223.9,311.74,144.67,183.08,229.19,391.86,335.66,259.6,213.38,351.32,307.31,3272.61,0
113,113009,2000,598.3,302.81,227.44,326.36,173.58,233.03,79.64,165.97,528.72,243.26,201.22,216.69,3297.01,0
113,113009,2001,364.96,354.12,222.71,310.55,153.44,170.4,276.78,169.65,290.13,323.97,267.37,255.59,3159.68,1
113,113009,2002,454.57,339.29,326.54,296.47,189.09,187.23,95.25,248.54,356.36,385.24,370.95,286.43,3535.96,1
113,113009,2003,739.53,363.03,281.94,380.59,184.96,233.94,218.5,147.36,253.25,333.35,418.06,454.14,4008.65,0
113,113009,2004,774.96,197.56,326.67,298.29,410.64,153.64,246.14,114.74,330.44,215.55,532.75,563.45,4164.84,0
113,113009,2005,441.08,228.67,293.2,196.58,285.09,322.4,177.88,195.01,207.57,369.97,215.58,315.99,3249.03,0
113,113009,2006,395.63,261.98,354.31,309.76,280.18,158.15,135.87,146.66,239.85,135.79,284.62,429.94,3132.74,0
113,113009,2007,530.54,474.79,296.96,286.45,159.27,334.99,338.9,215.46,260.62,235.46,329.29,540.91,4003.63,1
113,113009,2008,498.01,391.77,476.17,311.26,205.18,221.5,261.61,357.35,245.11,483.62,397.71,653.79,4503.1,1
113,113009,2009,821.48,409.09,418.98,377.46,349.3,172.19,129.84,214.2,172.21,320.86,528.13,395.82,4309.56,1
113,113009,2010,368.12,255.1,399.77,179.94,223.59,257.86,409.29,357.58,253.12,217.29,367.43,342.22,3631.31,0
113,113010,2000,622.51,320.07,230.6,345.55,183.19,220.06,108.39,173.05,421.55,252.23,246.34,287.65,3411.21,0
113,113010,2001,402.13,407.59,253.83,317.67,135.77,165.29,275.7,154.25,285.43,358.65,286.08,211.92,3254.3,0
113,113010,2002,608.85,419.97,354.39,261.71,189.3,183.34,129.04,221.99,314.24,329.7,360.19,286.85,3659.57,0
113,113010,2003,706.62,438.5,319.87,400.58,182.62,205.03,226.6,149.61,269.02,398.69,365.42,471.64,4134.21,0
113,113010,2004,866.54,195.56,354.47,280.25,329.57,130.56,291.1,105.6,355.29,231.3,478.74,567.14,4186.11,0
113,113010,2005,518.97,275.83,318.46,204.65,290.98,306.93,183.74,161.89,212.91,350.44,231.14,302.43,3358.38,0
113,113010,2006,376.05,336.68,308.29,300.92,275.51,212.21,126.94,166.4,244.24,147.02,249.87,432.1,3176.21,0
113,113010,2007,544.35,431.11,276.72,281.77,186.74,350.76,320.4,198.45,263.13,260.17,354.51,596.64,4064.76,0
113,113010,2008,466.94,362.09,474.6,291.38,222.3,236.85,228.16,337.15,234.86,456.74,406.2,585.12,4302.39,0
113,113010,2009,784.05,387.48,385.66,386.01,320.61,201.49,139.33,201.27,165.14,379.78,469.63,425.63,4246.08,1
113,113010,2010,453.68,289.31,392.61,207.14,267.85,247.84,414.49,379.45,281.58,261.68,332.14,355.67,3883.43,0
113,113011,2000,621.95,321.57,216.68,328.68,177.11,210.57,135.26,192.74,310.31,247.35,316.94,344.03,3423.21,0
113,113011,2001,425.72,436.89,277.86,310.13,106.07,161.42,265.04,134.52,286.63,381,317.32,186.67,3289.29,0
113,113011,2002,766.7,478.22,359.07,215.35,180.07,170.19,150.08,189.61,240.68,279.56,340,272.2,3641.73,0
113,113011,2003,635.22,492.65,326.27,418.13,176.74,166.81,224.77,154.67,260.78,442.25,309.77,483.15,4091.21,0
113,113011,2004,896.04,192.6,357.29,251.95,252.84,104.37,313.96,88.97,359.52,253.3,387.57,560.47,4018.89,0
113,113011,2005,559.46,304.48,310.22,206.7,291.92,269.24,176.72,130.8,212.56,355.12,252.2,287.91,3357.33,0
113,113011,2006,348.19,417.98,233.98,275.12,260.94,261.55,110.06,172.33,251.09,174.8,220.66,448.83,3175.54,0
113,113011,2007,580.55,348.12,230.34,259.38,235.05,378.55,299.38,177.74,288.25,306.07,379.92,642.93,4126.29,0
113,113011,2008,419.41,321.15,433.33,260.27,250.54,247.47,202.68,313.79,229.7,419.52,409.04,510.43,4017.33,0
113,113011,2009,757.2,333.37,307.86,349.22,251.32,232.57,144.22,198.31,150.2,453.68,377.15,437.74,3992.86,1
113,113011,2010,585.52,310.78,325.72,242.28,320.94,222.96,400.6,385.23,334.32,332.23,289.59,353.58,4103.75,0
113,113012,2000,621.95,321.57,216.68,328.68,177.11,210.57,135.26,192.74,310.31,247.35,316.94,344.03,3423.21,0
113,113012,2001,425.72,436.89,277.86,310.13,106.07,161.42,265.04,134.52,286.63,381,317.32,186.67,3289.29,0
113,113012,2002,766.7,478.22,359.07,215.35,180.07,170.19,150.08,189.61,240.68,279.56,340,272.2,3641.73,0
113,113012,2003,635.22,492.65,326.27,418.13,176.74,166.81,224.77,154.67,260.78,442.25,309.77,483.15,4091.21,0
113,113012,2004,896.04,192.6,357.29,251.95,252.84,104.37,313.96,88.97,359.52,253.3,387.57,560.47,4018.89,0
113,113012,2005,559.46,304.48,310.22,206.7,291.92,269.24,176.72,130.8,212.56,355.12,252.2,287.91,3357.33,0
113,113012,2006,348.19,417.98,233.98,275.12,260.94,261.55,110.06,172.33,251.09,174.8,220.66,448.83,3175.54,0
113,113012,2007,580.55,348.12,230.34,259.38,235.05,378.55,299.38,177.74,288.25,306.07,379.92,642.93,4126.29,1
113,113012,2008,419.41,321.15,433.33,260.27,250.54,247.47,202.68,313.79,229.7,419.52,409.04,510.43,4017.33,0
113,113012,2009,757.2,333.37,307.86,349.22,251.32,232.57,144.22,198.31,150.2,453.68,377.15,437.74,3992.86,0
113,113012,2010,585.52,310.78,325.72,242.28,320.94,222.96,400.6,385.23,334.32,332.23,289.59,353.58,4103.75,0
113,113013,2000,589.49,282.71,173.7,267.49,160.35,205.29,121.1,182.72,307.17,206.45,303.65,336.98,3137.11,0
113,113013,2001,359.3,407.2,258.39,262.79,92.66,157.75,255.38,128.18,266.12,343.24,296.69,208.84,3036.55,1
113,113013,2002,737.86,422.88,269.15,172.33,164.63,144.57,131.25,174.18,205.69,257.82,320.11,222.16,3222.61,1
113,113013,2003,647.26,437.82,261.28,355.12,162.95,140.94,222.96,146.77,211.02,380.52,288.96,502.62,3758.23,1
113,113013,2004,844.28,167.92,293.15,202.74,251.92,104.7,247.45,83.25,312.32,248.57,328.43,552.96,3637.68,0
113,113013,2005,502.82,228.87,225.49,167.82,249.52,230.01,153.42,127.63,193.16,349.33,236.09,296.59,2960.74,0
113,113013,2006,319.7,427.23,196.89,255.44,247.38,235.6,113.64,188.4,269.68,188.49,218.08,441.15,3101.68,1
113,113013,2007,525.34,278.92,189.47,202.96,231.2,393.88,302.34,162.9,276.26,305.13,363.68,584.69,3816.78,1
113,113013,2008,410.77,283.12,372.34,231.4,222.25,239.34,200.4,310.88,241.4,421.69,399.36,545.99,3878.95,1
113,113013,2009,726.05,272.96,254.93,280.74,203.49,186.64,133.75,198.65,140.22,403.83,378.94,373.48,3553.69,1
113,113013,2010,545.47,211.71,237.34,187.18,278.18,198.32,370.8,327.32,347.95,340.74,299.2,328.63,3672.85,0
